rank,lemma,subtitle_count,band,n_forms_seen
1,byť,4568259,1,19
2,to,1870542,1,4
3,sa,1198397,1,1
4,a,926432,1,1
5,ja,883665,1,6
6,na,745748,1,1
7,že,741592,1,1
8,mať,700434,1,20
9,čo,656760,1,5
10,v,603272,1,2
11,ty,570311,1,6
12,nie,557413,1,3
13,on,538260,1,12
14,ako,423659,1,1
15,s,401077,1,2
16,vedieť,380168,1,19
17,môcť,367512,1,19
18,tak,345850,1,1
19,ale,344074,1,2
20,by,341184,1,1
21,ísť,288533,1,20
22,o,276575,1,1
23,tu,276477,1,1
24,môj,268844,1,12
25,chcieť,261835,1,23
26,do,259494,1,1
27,ona,253302,1,7
28,vy,251562,1,4
29,povedať,250691,1,23
30,z,249718,1,2
31,tá,246840,1,8
32,áno,227116,1,1
33,myslieť,220842,1,24
34,musieť,214863,1,21
35,všetok,214383,1,12
36,len,211456,1,1
37,dobre,186335,1,2
38,už,185412,1,1
39,aby,184760,1,1
40,ktorý,176380,1,12
41,my,175493,1,4
42,keď,172803,1,1
43,ak,163119,1,1
44,toto,159004,1,5
45,za,156301,1,1
46,robiť,147499,1,24
47,niečo,139923,1,5
48,tvoj,139435,1,12
49,pre,138461,1,1
50,tam,135412,1,1
51,prečo,134484,1,1
52,vidieť,133750,1,20
53,no,125833,1,1
54,svoj,125261,1,14
55,teraz,123820,1,1
56,hovoriť,122358,1,24
57,aj,122313,1,1
58,hej,121500,1,1
59,dať,118307,1,24
60,jeden,110651,1,12
61,urobiť,109228,1,24
62,ten,107934,1,2
63,kto,107474,1,4
64,pán,106612,1,7
65,k,103229,1,2
66,človek,102804,1,7
67,veľa,99996,1,4
68,dobrý,99170,1,12
69,nič,98223,1,4
70,takže,98007,1,1
71,prísť,95586,1,24
72,táto,92619,1,8
73,váš,92590,1,12
74,kde,91404,1,1
75,dostať,91001,1,22
76,po,87185,1,1
77,ešte,86038,1,1
78,pozrieť,85382,1,20
79,potrebovať,84157,1,21
80,alebo,82230,1,1
81,náš,81277,1,12
82,jeho,80265,1,1
83,nájsť,77067,1,22
84,vec,76147,1,7
85,poriadok,76076,1,5
86,od,75838,1,2
87,niekto,74419,1,5
88,prosiť,74391,1,13
89,veľmi,73232,1,1
90,taký,72009,1,12
91,potom,71534,1,1
92,nikdy,71518,1,1
93,možno,71437,1,2
94,ani,69363,1,1
95,nejaký,67900,1,12
96,rok,67744,1,8
97,čas,66800,1,9
98,aký,65148,1,12
99,ďakovať,65120,1,7
100,deň,65111,1,8
101,nechať,63808,1,24
102,stať,62570,1,19
103,rád,61346,1,9
104,žiaden,60353,1,12
105,dva,59511,1,7
106,otec,59180,1,6
107,život,59033,1,9
108,boh,58391,1,9
109,naozaj,58169,1,1
110,stále,57241,1,1
111,počuť,57117,1,22
112,chodiť,57093,1,23
113,pretože,56491,1,1
114,prepáčiť,56375,1,3
115,celý,55913,1,14
116,veľký,54688,1,12
117,zabiť,54125,1,24
118,každý,53726,1,12
119,pred,53720,1,2
120,ahoj,52375,1,1
121,pomôcť,52005,1,22
122,vrátiť,51327,1,22
123,pravda,50766,1,5
124,dieťa,50470,1,10
125,iný,49095,1,12
126,vyzerať,48850,1,20
127,práca,48251,1,8
128,počkať,47779,1,14
129,sem,47179,1,1
130,dnes,46424,1,1
131,žena,46046,1,9
132,nikto,45872,1,6
133,práve,44995,1,1
134,spraviť,44865,1,23
135,volať,44772,1,21
136,istý,44736,1,15
137,mama,44281,1,4
138,miesto,44105,1,8
139,seba,43874,1,3
140,tento,43870,1,3
141,muž,43752,1,8
142,veriť,43486,1,24
143,skoro,42591,1,8
144,či,42186,1,1
145,poznať,41708,1,20
146,začať,41083,1,23
147,problém,40753,1,8
148,asi,40185,1,1
149,keby,40049,1,1
150,vždy,39491,1,1
151,vziať,39217,1,20
152,tiež,39200,1,1
153,sám,39017,1,6
154,trochu,38494,1,1
155,cítiť,38447,1,22
156,pri,38133,1,1
157,priateľ,37628,1,16
158,bez,36908,1,2
159,prvý,36803,1,12
160,iba,36602,1,1
161,cesta,36525,1,8
162,jasný,36423,1,10
163,noc,36396,1,5
164,nový,35378,1,12
165,prestať,34437,1,22
166,ďalší,34356,1,12
167,dokázať,34175,1,22
168,odísť,34116,1,21
169,snažiť,33884,1,22
170,ok,33824,1,1
171,ký,33108,1,2
172,až,32895,1,1
173,diať,32885,1,6
174,presne,32585,1,2
175,vážne,32098,1,2
176,chlapec,32065,1,7
177,dosť,31978,1,1
178,zavolať,31965,1,20
179,svet,31930,1,9
180,malý,31775,1,12
181,pracovať,31430,1,21
182,preto,31384,1,1
183,späť,31236,1,1
184,dom,31067,1,7
185,domov,31057,1,8
186,lepší,30858,1,11
187,ruka,30836,1,8
188,milovať,30800,1,17
189,zostať,30428,1,22
190,dievča,30339,1,11
191,vďaka,30130,1,3
192,zomrieť,30026,1,21
193,počúvať,29966,1,21
194,páčiť,29827,1,18
195,však,29732,1,1
196,večer,29626,1,6
197,znamenať,29168,1,13
198,kvôli,29090,1,1
199,lebo,28686,1,1
200,chlap,28636,1,8
201,čakať,28586,1,20
202,teda,28549,1,1
203,žiť,28285,1,19
204,peniaze,28214,1,2
205,pár,27815,1,7
206,nech,27627,1,1
207,druhý,27594,1,12
208,hneď,27537,1,1
209,starý,27365,1,12
210,hodina,27341,1,8
211,posledný,27029,1,12
212,než,26813,1,1
213,kedy,26716,1,1
214,jediný,26626,1,12
215,pôjsť,26583,1,10
216,tri,26505,1,6
217,držať,26295,1,17
218,uvidieť,26276,1,17
219,rodina,26234,1,9
220,rozumieť,26002,1,19
221,auto,25934,1,8
222,ukázať,25798,1,21
223,báť,25411,1,20
224,stretnúť,25340,1,19
225,skvelý,25330,1,12
226,meno,25285,1,3
227,dlho,25270,1,3
228,samozrejme,25267,1,1
229,raz,25166,1,2
230,zobrať,24816,1,20
231,hlava,24733,1,8
232,takto,24567,1,1
233,mŕtvy,24247,1,9
234,skončiť,24159,1,21
235,preč,24102,1,1
236,pekný,24026,1,13
237,chápať,23994,1,20
238,spolu,23991,1,1
239,zabudnúť,23963,1,24
240,vlastne,23873,1,1
241,prípad,23870,1,8
242,dáma,23736,1,8
243,vravieť,23730,1,19
244,kurva,23510,1,7
245,dávať,23481,1,23
246,zistiť,23313,1,20
247,vôbec,23280,1,1
248,hľadať,22820,1,20
249,matka,22716,1,7
250,zbraň,22395,1,8
251,ráno,22321,1,3
252,chvíľa,22320,1,8
253,poslať,21931,1,18
254,kam,21870,1,1
255,mesto,21787,1,7
256,niekedy,21783,1,1
257,pamätať,21704,1,18
258,hrať,21640,1,23
259,von,21536,1,1
260,príliš,21501,1,1
261,zastaviť,21396,1,22
262,dúfať,21344,1,12
263,týždeň,21290,1,8
264,stáť,21190,1,20
265,rozprávať,21135,1,24
266,rada,21095,1,2
267,úplne,21054,1,1
268,určite,20736,1,1
269,nuž,20704,1,1
270,pod,20574,1,2
271,fajn,20433,1,1
272,pripravený,20385,1,6
273,syn,20351,1,7
274,cez,20242,1,2
275,oko,20028,1,9
276,hora,19994,1,8
277,zmeniť,19932,1,21
278,doktor,19857,1,5
279,u,19817,1,1
280,správa,19780,1,9
281,koniec,19750,1,8
282,vlastný,19624,1,19
283,minúta,19590,1,8
284,koľko,19572,1,3
285,rýchlo,19571,1,1
286,pomoc,19342,1,3
287,predtým,19196,1,1
288,pozerať,19184,1,22
289,medzi,19171,1,1
290,mesiac,18948,1,9
291,smrť,18683,1,3
292,brať,18573,1,24
293,zdať,18543,1,13
294,brat,18502,1,6
295,pani,18277,1,4
296,slovo,18258,1,10
297,správne,18247,1,2
298,škola,18204,1,7
299,myseľ,18161,1,6
300,podľa,18159,1,1
301,stratiť,18144,2,21
302,dvere,18046,2,7
303,otázka,18041,2,9
304,telo,17738,2,9
305,ľúto,17546,2,1
306,dovoliť,17381,2,23
307,veď,17223,2,1
308,zem,17187,2,5
309,zajtra,17138,2,1
310,dobro,17015,2,5
311,šťastný,16930,2,21
312,prejsť,16872,2,21
313,loď,16819,2,8
314,super,16724,2,1
315,ďalej,16676,2,1
316,pohoda,16649,2,4
317,spôsob,16406,2,8
318,proste,16356,2,1
319,dôvod,16354,2,5
320,plán,16346,2,8
321,okej,16335,2,1
322,dole,16261,2,1
323,zle,16229,2,3
324,zlé,16165,2,3
325,zachrániť,16143,2,16
326,aspoň,16106,2,1
327,strana,16080,2,8
328,i,16018,2,1
329,srdce,15929,2,8
330,možný,15662,2,13
331,skôr,15657,2,1
332,peklo,15647,2,5
333,číslo,15551,2,9
334,sestra,15522,2,8
335,oba,15455,2,7
336,láska,15382,2,5
337,ťažký,15244,2,12
338,voda,15201,2,7
339,fakt,15165,2,8
340,spať,15159,2,18
341,pozor,15017,2,3
342,pustiť,14925,2,23
343,dna,14869,2,3
344,riť,14797,2,4
345,porozprávať,14767,2,14
346,priniesť,14687,2,18
347,skutočný,14655,2,16
348,skúsiť,14645,2,18
349,ostatný,14582,2,7
350,hra,14539,2,9
351,čože,14520,2,1
352,úžasný,14509,2,12
353,zlý,14507,2,12
354,proti,14460,2,1
355,nad,14459,2,2
356,dcéra,14411,2,8
357,vypadnúť,14269,2,13
358,odtiaľto,14192,2,1
359,slečna,14135,2,5
360,sledovať,14079,2,17
361,šťastie,14071,2,9
362,fungovať,13988,2,14
363,dôležitý,13986,2,12
364,pýtať,13915,2,20
365,šanca,13897,2,6
366,izba,13844,2,7
367,polícia,13818,2,6
368,stačiť,13746,2,13
369,tvár,13737,2,7
370,existovať,13697,2,18
371,nápad,13680,2,7
372,pokračovať,13452,2,12
373,doma,13439,2,1
374,použiť,13407,2,17
375,kúpiť,13390,2,17
376,znieť,13365,2,13
377,znova,13340,2,1
378,och,13141,2,1
379,pocit,13138,2,7
380,moc,13017,2,4
381,zlatko,12970,2,1
382,chyba,12962,2,9
383,zaujímať,12957,2,19
384,zlato,12896,2,5
385,noha,12861,2,9
386,sedieť,12854,2,19
387,príbeh,12650,2,7
388,stan,12566,2,5
389,krv,12566,2,3
390,okolo,12513,2,1
391,uh,12445,2,1
392,získať,12412,2,19
393,čokoľvek,12257,2,4
394,časť,12181,2,5
395,zas,12154,2,2
396,rozhodnúť,12127,2,15
397,klamať,12108,2,18
398,takýto,12106,2,12
399,zdravie,12101,2,4
400,haló,11968,2,1
401,pekne,11956,2,4
402,začínať,11950,2,15
403,inak,11935,2,2
404,vybrať,11879,2,16
405,skutočne,11874,2,2
406,niektorý,11815,2,11
407,vojna,11814,2,7
408,jedlo,11730,2,7
409,kniha,11730,2,8
410,chytiť,11726,2,18
411,záležať,11713,2,5
412,celkom,11659,2,1
413,nejsť,11644,2,6
414,chýbať,11591,2,12
415,sila,11579,2,9
416,otvoriť,11451,2,19
417,vonku,11417,2,1
418,zmysel,11401,2,12
419,zvládnuť,11365,2,19
420,vražda,11279,2,9
421,zmiznúť,11232,2,16
422,pokiaľ,11230,2,1
423,bežať,11191,2,12
424,ostať,11143,2,18
425,málo,11136,2,6
426,včera,11131,2,1
427,rodič,11103,2,7
428,telefón,11076,2,6
429,čí,11073,2,5
430,doba,10999,2,7
431,co,10949,2,1
432,zničiť,10936,2,18
433,naučiť,10916,2,17
434,kapitán,10910,2,6
435,mladý,10904,2,12
436,bojovať,10901,2,17
437,postarať,10898,2,12
438,manžel,10815,2,7
439,opustiť,10807,2,19
440,zatiaľ,10733,2,1
441,vtedy,10706,2,1
442,spoločnosť,10650,2,6
443,rovnaký,10623,2,12
444,zaplatiť,10611,2,19
445,film,10580,2,7
446,vyhrať,10496,2,19
447,iste,10495,2,1
448,znovu,10442,2,1
449,blízko,10442,2,6
450,rad,10370,2,7
451,predsa,10355,2,1
452,ach,10345,2,2
453,pes,10266,2,8
454,toľko,10229,2,2
455,obchod,10202,2,8
456,dokonca,10170,2,1
457,pochopiť,10149,2,19
458,bývať,10143,2,16
459,john,10130,2,5
460,niekde,10127,2,1
461,krajina,10108,2,8
462,ľudia,10066,2,3
463,patriť,10059,2,20
464,napísať,10047,2,16
465,predstaviť,10043,2,15
466,trvať,10015,2,12
467,vydržať,10009,2,20
468,päť,10008,2,4
469,kamoš,9959,2,7
470,hm,9916,2,2
471,bezpečný,9891,2,20
472,sen,9885,2,9
473,tím,9866,2,6
474,jednoducho,9849,2,3
475,jesť,9847,2,18
476,plný,9805,2,12
477,chlapík,9791,2,7
478,spýtať,9788,2,17
479,sakra,9771,2,1
480,písať,9757,2,16
481,štyri,9753,2,5
482,byt,9682,2,7
483,sex,9680,2,5
484,silný,9661,2,12
485,dolár,9654,2,6
486,viesť,9640,2,14
487,ďaleko,9635,2,5
488,akoby,9631,2,1
489,pripraviť,9468,2,12
490,treba,9415,2,2
491,svetlo,9371,2,9
492,posteľ,9367,2,6
493,oci,9358,2,1
494,čítať,9353,2,19
495,okrem,9293,2,1
496,uveriť,9254,2,18
497,sadnúť,9248,2,15
498,konečne,9224,2,1
499,možnosť,9220,2,6
500,ticho,9187,2,7
501,odchádzať,9159,2,15
502,minulý,9146,2,7
503,ano,9143,2,1
504,priamo,9125,2,2
505,agent,9114,2,7
506,nemocnica,9098,2,7
507,správny,9084,2,21
508,dlhý,9028,2,12
509,súhlasiť,8999,2,19
510,vadiť,8974,2,6
511,počas,8967,2,1
512,hádať,8906,2,16
513,prežiť,8878,2,19
514,strach,8849,2,4
515,používať,8794,2,21
516,policajt,8784,2,8
517,pokoj,8772,2,6
518,informácia,8768,2,9
519,sekunda,8751,2,8
520,krát,8710,2,1
521,dôkaz,8705,2,7
522,hlúpy,8670,2,12
523,vyjsť,8670,2,19
524,ocko,8649,2,3
525,fotka,8605,2,8
526,priviesť,8581,2,14
527,vrah,8544,2,7
528,pravý,8538,2,12
529,mimo,8529,2,1
530,požiadať,8526,2,15
531,milión,8520,2,8
532,platiť,8482,2,17
533,spomínať,8432,2,17
534,šéf,8408,2,6
535,pravdepodobne,8392,2,1
536,osoba,8362,2,9
537,postaviť,8316,2,15
538,ze,8313,2,1
539,prichádzať,8287,2,13
540,kámo,8277,2,1
541,systém,8222,2,8
542,mrzieť,8145,2,4
543,hodiť,8124,2,17
544,priateľka,8073,2,7
545,právo,8069,2,8
546,jo,8067,2,1
547,ublížiť,8052,2,22
548,sranda,8040,2,3
549,ulica,8016,2,8
550,vysvetliť,7972,2,14
551,piť,7972,2,19
552,odkiaľ,7962,2,1
553,spoločný,7952,2,9
554,napadnúť,7946,2,11
555,mam,7938,2,4
556,kamarát,7935,2,7
557,zvláštny,7912,2,11
558,new,7889,2,1
559,čierny,7830,2,11
560,väčšina,7787,2,5
561,dávno,7750,2,4
562,odpoveď,7738,2,5
563,žiadať,7736,2,15
564,kancelária,7734,2,6
565,záznam,7716,2,8
566,sam,7658,2,1
567,odpovedať,7651,2,22
568,rovnako,7629,2,1
569,čoskoro,7573,2,1
570,smieť,7566,2,12
571,skutočnosť,7559,2,3
572,baviť,7546,2,18
573,milá,7523,2,4
574,kráľ,7520,2,5
575,zadok,7512,2,6
576,utiecť,7509,2,17
577,opýtať,7476,2,16
578,ukradnúť,7412,2,12
579,stop,7401,2,4
580,pomáhať,7393,2,14
581,biely,7351,2,12
582,chalan,7342,2,7
583,stretnutie,7341,2,6
584,madam,7303,2,1
585,oveľa,7295,2,1
586,kľúč,7274,2,7
587,skupina,7263,2,8
588,vzťah,7246,2,6
589,druh,7231,2,7
590,najprv,7195,2,1
591,aha,7193,2,3
592,pokúsiť,7184,2,15
593,starať,7180,2,19
594,šialený,7173,2,11
595,duch,7165,2,9
596,takmer,7143,2,1
597,stôl,7139,2,8
598,spoznať,7114,2,16
599,čau,7105,2,1
600,divný,7095,2,8
601,vnútro,7087,2,3
602,čistý,7082,2,14
603,nosiť,7062,2,18
604,liek,7057,2,7
605,vitaj,7054,2,2
606,situácia,7020,2,8
607,schopný,7018,2,9
608,opäť,7011,2,1
609,ľudský,7003,2,13
610,charlie,6987,2,1
611,nenávidieť,6969,2,10
612,vlas,6964,2,6
613,lietadlo,6960,2,9
614,nádherný,6956,2,10
615,káva,6930,2,5
616,jack,6917,2,1
617,vyhodiť,6902,2,15
618,podariť,6892,2,7
619,mozog,6879,2,6
620,bolesť,6873,2,6
621,cena,6853,2,6
622,zohnať,6842,2,13
623,väzenie,6840,2,5
624,šesť,6827,2,3
625,pohyb,6826,2,6
626,niekoľko,6785,2,2
627,budúcnosť,6773,2,3
628,obávať,6755,2,13
629,bolieť,6745,2,7
630,pravidlo,6734,2,8
631,hýbať,6728,2,18
632,vina,6695,2,8
633,budova,6692,2,7
634,jednoduchý,6683,2,12
635,objaviť,6658,2,15
636,chorý,6657,2,8
637,boj,6647,2,8
638,sľubovať,6646,2,8
639,vojak,6641,2,7
640,naspäť,6624,2,1
641,duša,6623,2,6
642,hovor,6617,2,4
643,list,6602,2,8
644,všimnúť,6602,2,17
645,zviera,6572,2,9
646,zaslúžiť,6555,2,17
647,učiť,6538,2,14
648,kamera,6529,2,9
649,hlas,6526,2,7
650,huba,6524,2,5
651,decko,6514,2,8
652,test,6508,2,8
653,drahá,6506,2,4
654,spomenúť,6482,2,17
655,stráviť,6476,2,12
656,chlape,6475,2,1
657,michaela,6469,2,3
658,párty,6463,2,1
659,krásny,6445,2,10
660,ospravedlniť,6442,2,10
661,začiatok,6441,2,3
662,vzdať,6431,2,21
663,dohoda,6426,2,6
664,prisahať,6410,2,10
665,dozvedieť,6405,2,17
666,sľúbiť,6336,2,9
667,chystať,6327,2,13
668,premýšľať,6317,2,14
669,nakoniec,6314,2,1
670,tušiť,6313,2,15
671,prach,6285,2,7
672,utekať,6282,2,16
673,tajomstvo,6273,2,8
674,ono,6271,2,1
675,kúsok,6257,2,8
676,strieľať,6245,2,16
677,cieľ,6230,2,7
678,ospravedlňovať,6227,2,9
679,kontrola,6218,2,5
680,všade,6209,2,1
681,obrovský,6206,2,11
682,služba,6203,2,9
683,bezpečie,6189,2,6
684,moment,6148,2,7
685,jasne,6142,2,2
686,zoznam,6133,2,5
687,skontrolovať,6124,2,12
688,miestnosť,6108,2,5
689,úloha,6094,2,8
690,idiot,6084,2,7
691,pridať,6065,2,16
692,york,6060,2,2
693,predať,6050,2,16
694,ľúbiť,6044,2,13
695,naposledy,6038,2,1
696,predpokladať,6034,2,14
697,um,6029,2,2
698,útok,6017,2,7
699,odkedy,6015,2,1
700,ah,5984,2,1
701,zaujímavý,5949,2,9
702,tešiť,5934,2,13
703,šaty,5925,2,5
704,kôň,5915,2,9
705,trápiť,5912,2,15
706,armáda,5905,2,6
707,hviezda,5904,2,9
708,položiť,5894,2,13
709,vyriešiť,5882,2,15
710,desať,5877,2,3
711,planéta,5867,2,7
712,hrozný,5861,2,11
713,zákon,5861,2,9
714,zábava,5852,2,5
715,baba,5851,2,7
716,súd,5847,2,5
717,obeť,5835,2,7
718,mýliť,5835,2,15
719,vysoký,5834,2,12
720,zbaviť,5823,2,14
721,často,5817,2,3
722,rozmýšľať,5799,2,17
723,uvedomiť,5797,2,15
724,dokončiť,5788,2,17
725,samý,5787,2,12
726,ťažko,5782,2,3
727,okno,5766,2,9
728,zavrieť,5766,2,12
729,krok,5764,2,7
730,odtiaľ,5754,2,1
731,prezident,5738,2,3
732,vinný,5738,2,14
733,svadba,5734,2,7
734,pol,5720,2,1
735,znášať,5711,2,14
736,nejako,5698,2,1
737,okamžite,5695,2,1
738,červený,5692,2,11
739,aut,5683,2,3
740,blázon,5674,2,3
741,očakávať,5631,2,17
742,právnik,5628,2,7
743,jednotka,5627,2,8
744,svedok,5622,2,7
745,ha,5606,2,1
746,stanica,5592,2,7
747,hudba,5585,2,5
748,zastreliť,5564,2,15
749,vytvoriť,5548,2,12
750,tretí,5547,2,9
751,stav,5542,2,5
752,hotel,5542,2,8
753,droga,5526,2,8
754,rovno,5508,2,1
755,názor,5503,2,7
756,dolu,5490,2,1
757,zobudiť,5485,2,15
758,výborne,5471,2,1
759,záujem,5469,2,7
760,vzduch,5460,2,3
761,prst,5449,2,9
762,poriadne,5447,2,1
763,prijať,5429,2,17
764,staviť,5427,2,10
765,zmena,5426,2,9
766,ta,5425,2,1
767,strašne,5411,2,1
768,zvyšok,5391,2,5
769,schopnosť,5391,2,9
770,známy,5359,2,16
771,náhodou,5339,2,1
772,joe,5332,2,1
773,rozhodnutie,5332,2,7
774,dôjsť,5327,2,12
775,bar,5319,2,7
776,vláda,5312,2,6
777,minulosť,5310,2,3
778,pokúšať,5306,2,15
779,nehoda,5301,2,6
780,rozkaz,5300,2,6
781,tisíc,5284,2,5
782,ľahký,5278,2,8
783,skurvený,5277,2,11
784,upokojiť,5269,2,8
785,udržať,5268,2,16
786,detektív,5266,2,8
787,mobil,5258,2,6
788,napríklad,5253,2,1
789,čert,5248,2,4
790,obed,5234,2,6
791,manželka,5219,2,6
792,chrbát,5205,2,4
793,otvorený,5204,2,12
794,skúšať,5201,2,16
795,troška,5187,2,3
796,myšlienka,5183,2,9
797,strýko,5181,2,6
798,rýchle,5179,2,3
799,rande,5176,2,1
800,pozvať,5173,2,14
801,vytiahnuť,5147,2,13
802,účet,5124,2,8
803,nažive,5096,2,1
804,rozhovor,5093,2,7
805,ohľad,5082,2,5
806,peter,5075,2,4
807,energia,5057,2,5
808,osobný,5033,2,11
809,vracať,5032,2,13
810,chvíľka,5029,2,4
811,chrániť,5028,2,12
812,stena,5001,2,8
813,štát,4998,2,8
814,priznať,4976,2,14
815,smer,4975,2,6
816,slnko,4973,2,4
817,malá,4967,2,3
818,americký,4967,2,12
819,umrieť,4964,2,16
820,pivo,4961,2,6
821,sračka,4945,2,9
822,operácia,4916,2,7
823,trocha,4913,2,3
824,vydať,4905,2,16
825,mimochodom,4893,2,1
826,pomaly,4884,2,2
827,zlo,4874,2,4
828,milý,4869,2,9
829,brána,4865,2,7
830,karta,4857,2,8
831,strom,4853,2,8
832,snáď,4848,2,1
833,hovno,4829,2,6
834,tajný,4824,2,11
835,správať,4813,2,13
836,navždy,4810,2,1
837,partner,4805,2,7
838,frank,4797,2,4
839,trieda,4795,2,6
840,otočiť,4793,2,12
841,priať,4792,2,11
842,výber,4776,2,5
843,pohľad,4771,2,6
844,bomba,4763,2,7
845,zabíjať,4760,2,15
846,spievať,4759,2,12
847,topánka,4757,2,8
848,oheň,4753,2,6
849,končiť,4750,2,11
850,zjesť,4730,2,16
851,polovica,4719,2,5
852,čin,4718,2,8
853,keďže,4714,2,1
854,preboha,4706,2,1
855,otvor,4699,2,3
856,plakať,4697,2,14
857,odpustiť,4680,2,16
858,dýchať,4675,2,12
859,oblasť,4664,2,5
860,hrdina,4661,2,7
861,súčasť,4656,2,2
862,ľahko,4653,2,3
863,podať,4651,2,11
864,ujsť,4650,2,11
865,doniesť,4633,2,13
866,perfektný,4625,2,9
867,vták,4619,2,9
868,vek,4616,2,4
869,zápas,4615,2,7
870,klub,4613,2,7
871,preklad,4608,2,3
872,program,4598,2,6
873,veliteľ,4584,2,6
874,tona,4583,2,5
875,starostiť,4576,2,1
876,henry,4575,2,4
877,rozhodne,4570,2,2
878,miláčik,4566,2,4
879,škoda,4566,2,4
880,bastard,4560,2,6
881,strašný,4549,2,11
882,vojsť,4543,2,14
883,unavený,4542,2,4
884,chuť,4542,2,6
885,sarah,4539,2,1
886,skočiť,4507,2,14
887,amerika,4504,2,5
888,wow,4499,2,1
889,zblázniť,4493,2,11
890,ked,4486,2,1
891,firma,4484,2,6
892,les,4482,2,7
893,dotknúť,4477,2,18
894,nádej,4464,2,5
895,bod,4459,2,7
896,zdvihnúť,4455,2,15
897,ktokoľvek,4443,2,4
898,hlavne,4433,2,1
899,spadnúť,4430,2,13
900,kus,4421,2,6
901,počítač,4420,2,9
902,člen,4411,2,7
903,papier,4410,2,8
904,odkaz,4401,2,7
905,stoj,4398,2,3
906,kričať,4395,2,14
907,udrieť,4394,2,13
908,tancovať,4392,2,13
909,príjemný,4391,2,10
910,krk,4388,2,5
911,park,4379,2,6
912,tvrdý,4378,2,10
913,zrazu,4371,2,1
914,kontakt,4370,2,6
915,drahý,4368,2,7
916,obľúbený,4367,2,12
917,prekliaty,4363,2,10
918,typ,4362,2,6
919,ústa,4362,2,4
920,paul,4348,2,4
921,mena,4340,2,6
922,meniť,4340,2,12
923,poručík,4339,2,4
924,mike,4334,2,1
925,rozdiel,4322,2,5
926,vymyslieť,4315,2,13
927,zločin,4309,2,7
928,podozrivý,4295,2,10
929,darček,4291,2,6
930,biť,4284,2,13
931,budiť,4282,2,6
932,rana,4276,2,6
933,výsledok,4272,2,7
934,prečítať,4260,2,12
935,uistiť,4256,2,9
936,krásne,4246,2,1
937,zub,4243,2,7
938,mnoho,4230,2,1
939,ježiš,4223,2,5
940,ponúknuť,4221,2,13
941,zbohom,4215,2,1
942,meškať,4211,2,11
943,akcia,4202,2,8
944,osud,4197,2,5
945,david,4183,2,4
946,cit,4181,2,7
947,misia,4180,2,6
948,vesmír,4178,2,6
949,diera,4172,2,6
950,dohodnúť,4172,2,12
951,plánovať,4170,2,15
952,smutný,4162,2,8
953,živý,4149,2,9
954,zvyknúť,4147,2,15
955,podpísať,4147,2,14
956,smiať,4146,2,15
957,adresa,4138,2,6
958,akýkoľvek,4126,2,11
959,normálne,4123,2,2
960,vedľa,4122,2,1
961,podobný,4119,2,11
962,zrejme,4116,2,1
963,george,4115,2,4
964,narodiť,4106,2,9
965,úprimný,4099,2,5
966,vianoce,4094,2,4
967,preložiť,4094,2,6
968,pohnúť,4092,2,18
969,kľud,4090,2,4
970,reč,4079,2,6
971,presvedčiť,4072,2,14
972,dnešný,4069,2,12
973,dariť,4069,2,5
974,príležitosť,4066,2,5
975,generál,4063,2,6
976,nabudúce,4057,2,1
977,hladný,4054,2,5
978,užiť,4053,2,13
979,anna,4048,2,5
980,kameň,4045,2,8
981,hranica,4043,2,9
982,signál,4039,2,5
983,vtipný,4032,2,3
984,tvrdiť,4029,2,10
985,smiešne,4028,2,1
986,zdroj,4028,2,9
987,blízky,4023,2,12
988,dosiahnuť,4023,2,17
989,pohniť,4021,2,5
990,policajný,4015,2,11
991,namiesto,4014,2,1
992,stredný,4005,2,8
993,navštíviť,4005,2,10
994,prechádzať,3983,2,10
995,letieť,3973,2,12
996,osobne,3971,2,1
997,podstata,3962,2,5
998,prekvapenie,3959,2,3
999,pieseň,3954,2,5
1000,let,3953,2,5
1001,ryba,3952,3,8
1002,vypočuť,3950,3,12
1003,vstávať,3949,3,9
1004,fbi,3939,3,1
1005,video,3932,3,6
1006,vysoká,3931,3,5
1007,padať,3923,3,13
1008,farba,3920,3,8
1009,žartovať,3919,3,10
1010,kráľovná,3916,3,5
1011,tamto,3903,3,3
1012,očividne,3887,3,1
1013,narodeniny,3881,3,4
1014,profesor,3878,3,6
1015,skrývať,3878,3,13
1016,predávať,3875,3,13
1017,napriek,3871,3,1
1018,využiť,3864,3,12
1019,pozornosť,3861,3,2
1020,sedem,3859,3,3
1021,plukovník,3847,3,4
1022,posadiť,3845,3,10
1023,obraz,3844,3,6
1024,mier,3842,3,3
1025,ochrániť,3842,3,12
1026,ľutovať,3831,3,11
1027,jazyk,3823,3,8
1028,záležitosť,3823,3,7
1029,opatrný,3820,3,7
1030,stávať,3818,3,11
1031,ponáhľať,3817,3,15
1032,klient,3816,3,8
1033,spôsobiť,3805,3,9
1034,týkať,3803,3,6
1035,james,3802,3,1
1036,niekam,3796,3,1
1037,prvýkrát,3784,3,1
1038,vtip,3782,3,7
1039,ben,3780,3,1
1040,centrum,3780,3,7
1041,víno,3779,3,5
1042,láskavosť,3777,3,3
1043,vhodný,3777,3,13
1044,uveriteľný,3773,3,7
1045,zábavný,3771,3,10
1046,múdry,3769,3,11
1047,zopár,3764,3,1
1048,návšteva,3764,3,6
1049,hlavný,3738,3,8
1050,ostrov,3737,3,8
1051,ježiši,3734,3,1
1052,vlak,3730,3,5
1053,bezpečnostný,3729,3,9
1054,želať,3724,3,13
1055,radosť,3719,3,3
1056,sloboda,3718,3,5
1057,riaditeľ,3713,3,5
1058,nazvať,3695,3,14
1059,pozícia,3693,3,7
1060,alex,3689,3,4
1061,spomienka,3686,3,8
1062,nos,3682,3,6
1063,nôž,3679,3,7
1064,rôzny,3678,3,5
1065,vstúpiť,3671,3,14
1066,teta,3668,3,5
1067,seržant,3665,3,4
1068,ponuka,3654,3,6
1069,zlomiť,3646,3,13
1070,čaj,3644,3,4
1071,richard,3638,3,4
1072,nikam,3637,3,1
1073,spojený,3630,3,8
1074,gibbs,3623,3,1
1075,prebrať,3622,3,13
1076,stránka,3619,3,7
1077,bill,3617,3,3
1078,vysoko,3617,3,3
1079,zatknúť,3612,3,12
1080,zvuk,3602,3,5
1081,predstierať,3602,3,14
1082,zima,3600,3,5
1083,ležať,3593,3,11
1084,víkend,3583,3,4
1085,spojiť,3581,3,11
1086,stroj,3575,3,8
1087,voľný,3575,3,8
1088,dar,3570,3,7
1089,predstavovať,3570,3,12
1090,načo,3551,3,1
1091,prístup,3551,3,5
1092,lístok,3547,3,7
1093,normálny,3535,3,11
1094,bývalý,3521,3,12
1095,hrdý,3512,3,5
1096,poraziť,3512,3,14
1097,dean,3505,3,1
1098,učiteľ,3505,3,7
1099,zlatý,3501,3,10
1100,povolenie,3500,3,3
1101,budúci,3499,3,5
1102,pokus,3498,3,7
1103,pomyslieť,3493,3,14
1104,falošný,3486,3,11
1105,choroba,3486,3,7
1106,akože,3485,3,1
1107,cela,3464,3,7
1108,anjel,3463,3,8
1109,snívať,3462,3,15
1110,bohatý,3459,3,12
1111,osem,3452,3,3
1112,ukazovať,3450,3,12
1113,hajzel,3449,3,6
1114,nasledovať,3444,3,10
1115,hlavná,3443,3,5
1116,súkromný,3442,3,10
1117,priestor,3441,3,7
1118,dokonalý,3438,3,10
1119,história,3437,3,6
1120,pobozkať,3436,3,12
1121,poschodie,3427,3,3
1122,walter,3426,3,1
1123,zostávať,3422,3,9
1124,kedysi,3419,3,1
1125,tadiaľto,3415,3,1
1126,posielať,3413,3,12
1127,pochybovať,3410,3,11
1128,riadiť,3405,3,13
1129,opatrne,3404,3,1
1130,ochrana,3404,3,5
1131,lekár,3402,3,7
1132,ryan,3395,3,1
1133,padnúť,3385,3,12
1134,hoci,3384,3,2
1135,kuchyňa,3384,3,4
1136,strata,3383,3,6
1137,bezpečnosť,3381,3,3
1138,manželstvo,3371,3,7
1139,pokaziť,3368,3,12
1140,úprimne,3365,3,1
1141,reštaurácia,3359,3,7
1142,prdel,3356,3,3
1143,množstvo,3351,3,6
1144,sústrediť,3350,3,11
1145,robot,3347,3,8
1146,viera,3342,3,5
1147,dôstojník,3337,3,4
1148,zariadenie,3335,3,5
1149,obyčajný,3335,3,12
1150,claire,3334,3,1
1151,potrebný,3329,3,6
1152,miestny,3324,3,12
1153,úplný,3322,3,10
1154,zranený,3315,3,7
1155,opraviť,3314,3,11
1156,vstať,3313,3,9
1157,drink,3298,3,4
1158,oslava,3296,3,7
1159,občas,3295,3,1
1160,pacient,3295,3,7
1161,vraj,3294,3,1
1162,mara,3294,3,3
1163,kód,3292,3,6
1164,úbohý,3291,3,11
1165,ozvať,3291,3,13
1166,predstava,3290,3,8
1167,jake,3288,3,2
1168,jimmy,3284,3,1
1169,mačka,3282,3,7
1170,dievčatko,3278,3,5
1171,mäso,3278,3,4
1172,titulka,3276,3,5
1173,doktorka,3274,3,5
1174,špeciálny,3266,3,10
1175,opakovať,3256,3,11
1176,voľba,3237,3,9
1177,novina,3231,3,6
1178,kosť,3223,3,6
1179,poďakovať,3222,3,10
1180,hlupák,3220,3,6
1181,autobus,3219,3,6
1182,mnohý,3219,3,4
1183,celá,3208,3,1
1184,vyšetrovanie,3206,3,4
1185,zahrať,3201,3,12
1186,ustúpiť,3201,3,8
1187,strácať,3201,3,12
1188,zdravý,3196,3,11
1189,paluba,3195,3,4
1190,zodpovedný,3192,3,10
1191,spustiť,3190,3,15
1192,gratulovať,3189,3,2
1193,chutný,3187,3,9
1194,obava,3184,3,7
1195,dostávať,3184,3,13
1196,riskovať,3183,3,11
1197,dotýkať,3179,3,11
1198,uz,3173,3,1
1199,zrušiť,3172,3,12
1200,su,3168,3,1
1201,guľka,3166,3,8
1202,dokopy,3165,3,1
1203,prsteň,3165,3,6
1204,me,3163,3,1
1205,odviesť,3160,3,11
1206,malé,3158,3,3
1207,naši,3158,3,2
1208,blbý,3156,3,10
1209,hotový,3154,3,4
1210,zmluva,3153,3,6
1211,úrad,3152,3,7
1212,ovládať,3151,3,12
1213,francúzsky,3149,3,9
1214,vypnúť,3144,3,9
1215,bob,3139,3,1
1216,obliecť,3133,3,11
1217,šéfe,3130,3,1
1218,debil,3120,3,6
1219,základ,3119,3,7
1220,chris,3116,3,4
1221,slabý,3115,3,11
1222,slobodný,3111,3,10
1223,koláč,3109,3,7
1224,považovať,3107,3,14
1225,rieka,3104,3,6
1226,nieje,3090,3,1
1227,tlak,3081,3,3
1228,trpieť,3081,3,11
1229,zložiť,3077,3,10
1230,sklapnúť,3074,3,3
1231,pohovoriť,3073,3,8
1232,kevin,3070,3,1
1233,kostol,3068,3,6
1234,koža,3064,3,5
1235,oddelenie,3058,3,4
1236,bitka,3057,3,7
1237,la,3052,3,1
1238,dav,3052,3,5
1239,povinnosť,3051,3,6
1240,ihneď,3047,3,1
1241,vzhľad,3045,3,4
1242,jak,3045,3,4
1243,nervózny,3041,3,3
1244,dopadnúť,3041,3,10
1245,vyskúšať,3037,3,11
1246,varovať,3032,3,8
1247,prinútiť,3025,3,11
1248,výlet,3024,3,4
1249,špinavý,3024,3,11
1250,požičať,3017,3,9
1251,uprostred,3016,3,1
1252,pripomínať,3013,3,13
1253,alan,3004,3,3
1254,obeta,3003,3,4
1255,majster,3000,3,4
1256,zvyčajne,2992,3,2
1257,nočná,2991,3,5
1258,guľa,2989,3,9
1259,ženská,2988,3,5
1260,vyspať,2988,3,12
1261,východ,2985,3,5
1262,dvakrát,2982,3,1
1263,vyzdvihnúť,2979,3,11
1264,nazývať,2979,3,9
1265,proces,2972,3,6
1266,voľno,2971,3,5
1267,podmienka,2966,3,8
1268,skúška,2966,3,8
1269,ukončiť,2959,3,11
1270,projekt,2958,3,7
1271,danny,2955,3,2
1272,rosa,2955,3,3
1273,absolútno,2949,3,3
1274,sudca,2949,3,6
1275,taška,2943,3,7
1276,študent,2937,3,8
1277,spoznávať,2937,3,7
1278,potešenie,2931,3,3
1279,boží,2931,3,9
1280,stratený,2928,3,8
1281,bok,2927,3,6
1282,londýn,2922,3,4
1283,taktiež,2920,3,1
1284,rýchly,2918,3,12
1285,hlboko,2917,3,3
1286,vojenský,2917,3,10
1287,tommy,2911,3,1
1288,modliť,2911,3,12
1289,vybaviť,2909,3,10
1290,česť,2908,3,2
1291,udalosť,2904,3,7
1292,míľa,2899,3,4
1293,vzadu,2898,3,1
1294,stiahnuť,2898,3,12
1295,vymeniť,2893,3,13
1296,zájsť,2893,3,13
1297,nastúpiť,2891,3,11
1298,srať,2885,3,9
1299,roh,2878,3,5
1300,huh,2873,3,1
1301,skvele,2871,3,1
1302,pohár,2870,3,6
1303,zázrak,2869,3,5
1304,zabrať,2868,3,11
1305,raňajky,2862,3,4
1306,uvedomovať,2861,3,11
1307,chlapcov,2854,3,2
1308,potvrdiť,2852,3,9
1309,jana,2850,3,2
1310,brániť,2848,3,14
1311,vodca,2847,3,7
1312,show,2846,3,1
1313,zariadiť,2843,3,10
1314,jazdiť,2836,3,12
1315,prehrať,2836,3,12
1316,opitý,2835,3,6
1317,nebo,2833,3,4
1318,rodinný,2831,3,9
1319,napraviť,2829,3,10
1320,umenie,2827,3,5
1321,slúžiť,2826,3,11
1322,stará,2822,3,3
1323,billa,2820,3,3
1324,adam,2819,3,3
1325,zlodej,2819,3,7
1326,hosť,2818,3,6
1327,nick,2816,3,1
1328,kop,2815,3,4
1329,démon,2810,3,8
1330,will,2806,3,1
1331,cestovať,2804,3,10
1332,krátky,2803,3,12
1333,kontrolovať,2798,3,11
1334,spojenie,2796,3,3
1335,základňa,2793,3,5
1336,uniesť,2790,3,7
1337,jim,2777,3,1
1338,kopec,2775,3,7
1339,dovnútra,2773,3,1
1340,nútiť,2771,3,12
1341,tehotný,2770,3,5
1342,dostatok,2763,3,6
1343,strecha,2759,3,6
1344,robert,2757,3,4
1345,kate,2755,3,1
1346,odviezť,2752,3,11
1347,zadržať,2751,3,9
1348,príkaz,2750,3,6
1349,naraziť,2750,3,12
1350,pasca,2749,3,5
1351,meč,2737,3,6
1352,amy,2735,3,1
1353,úroveň,2727,3,6
1354,meter,2712,3,3
1355,nahnevaný,2711,3,5
1356,najať,2711,3,8
1357,zažiť,2706,3,10
1358,skúsenosť,2704,3,5
1359,počítať,2704,3,15
1360,stihnúť,2697,3,17
1361,teplo,2696,3,6
1362,vietor,2695,3,6
1363,harry,2691,3,1
1364,kamarátka,2686,3,6
1365,zničený,2685,3,5
1366,zarobiť,2683,3,10
1367,objednať,2681,3,12
1368,prekvapený,2678,3,3
1369,tábor,2676,3,7
1370,okolie,2664,3,4
1371,záchod,2664,3,7
1372,kriste,2659,3,1
1373,lov,2655,3,3
1374,oblečenie,2654,3,3
1375,čudný,2654,3,7
1376,kvet,2651,3,5
1377,dospelý,2651,3,8
1378,kariéra,2646,3,5
1379,teória,2645,3,6
1380,hnevať,2643,3,12
1381,vypiť,2642,3,12
1382,článok,2638,3,5
1383,pamäť,2636,3,5
1384,odložiť,2635,3,9
1385,uvoľniť,2635,3,11
1386,venovať,2635,3,14
1387,bobby,2634,3,1
1388,diabol,2634,3,6
1389,matt,2633,3,1
1390,dovidenia,2633,3,1
1391,vážiť,2632,3,12
1392,letisko,2631,3,5
1393,odchod,2629,3,4
1394,určitý,2629,3,9
1395,umierať,2629,3,11
1396,zabitý,2622,3,5
1397,kedykoľvek,2620,3,1
1398,spravodlivosť,2619,3,5
1399,dedina,2618,3,6
1400,šerif,2613,3,3
1401,rozísť,2612,3,9
1402,princ,2607,3,5
1403,koleno,2607,3,8
1404,navzájom,2604,3,1
1405,zaneprázdnený,2601,3,4
1406,zadný,2601,3,11
1407,pochádzať,2598,3,10
1408,nechávať,2595,3,13
1409,kim,2594,3,1
1410,navyše,2594,3,1
1411,kolega,2590,3,7
1412,hrozne,2588,3,1
1413,nebezpečenstvo,2582,3,5
1414,úspech,2582,3,7
1415,ochotný,2577,3,4
1416,abby,2576,3,1
1417,užívať,2570,3,12
1418,spolupracovať,2567,3,11
1419,trik,2566,3,4
1420,odtlačok,2564,3,6
1421,princezná,2561,3,5
1422,upír,2558,3,7
1423,ľad,2556,3,5
1424,dopekla,2555,3,1
1425,výška,2552,3,6
1426,stráž,2548,3,4
1427,zodpovednosť,2547,3,3
1428,whoa,2539,3,1
1429,stretávať,2538,3,11
1430,doraziť,2536,3,12
1431,stred,2535,3,5
1432,sprostý,2532,3,9
1433,blížiť,2531,3,5
1434,nohavica,2529,3,4
1435,neustály,2528,3,5
1436,odvaha,2528,3,5
1437,lee,2527,3,1
1438,more,2524,3,4
1439,univerzita,2521,3,4
1440,oblek,2517,3,6
1441,rakovina,2515,3,5
1442,zástupca,2512,3,7
1443,vyraziť,2509,3,12
1444,vôľa,2504,3,5
1445,zomierať,2504,3,12
1446,naňho,2496,3,1
1447,vychádzať,2494,3,15
1448,bláznivý,2490,3,8
1449,doteraz,2489,3,1
1450,trest,2482,3,6
1451,fľaša,2481,3,6
1452,eddie,2478,3,1
1453,totálny,2477,3,4
1454,vypadať,2475,3,10
1455,dodávka,2473,3,6
1456,nastať,2473,3,9
1457,babka,2466,3,6
1458,detail,2465,3,8
1459,mark,2461,3,1
1460,tma,2460,3,4
1461,američan,2455,3,6
1462,majetok,2454,3,4
1463,nachádzať,2453,3,11
1464,motor,2446,3,6
1465,ťahať,2446,3,13
1466,fajčiť,2444,3,13
1467,pole,2441,3,6
1468,akurát,2440,3,1
1469,elena,2438,3,5
1470,podpora,2438,3,4
1471,zaspať,2438,3,10
1472,daniel,2437,3,4
1473,pitie,2434,3,5
1474,vajce,2433,3,8
1475,donútiť,2432,3,11
1476,ray,2426,3,1
1477,životný,2425,3,11
1478,ľud,2424,3,5
1479,hocičo,2422,3,5
1480,tanec,2421,3,6
1481,bojovník,2421,3,6
1482,fanúšik,2417,3,6
1483,stovka,2415,3,7
1484,viezť,2411,3,11
1485,fér,2409,3,2
1486,voči,2407,3,1
1487,piča,2406,3,4
1488,rýchlosť,2401,3,3
1489,hodnota,2400,3,7
1490,rozum,2399,3,4
1491,dôverovať,2398,3,15
1492,bank,2396,3,3
1493,paríž,2394,3,3
1494,scéna,2388,3,6
1495,lož,2373,3,3
1496,niesť,2373,3,13
1497,nálada,2371,3,5
1498,telefonát,2368,3,6
1499,pokojne,2366,3,2
1500,spoločne,2362,3,1
1501,obrázok,2359,3,7
1502,štýl,2356,3,4
1503,náhoda,2355,3,5
1504,opica,2355,3,7
1505,šoférovať,2353,3,8
1506,samovražda,2353,3,6
1507,stopa,2353,3,5
1508,odhaliť,2348,3,10
1509,návrh,2342,3,5
1510,doriti,2341,3,1
1511,vystúpiť,2339,3,12
1512,zísť,2337,3,9
1513,rádio,2336,3,5
1514,lietať,2334,3,9
1515,uzavrieť,2333,3,10
1516,krabica,2326,3,7
1517,konať,2323,3,12
1518,johnny,2322,3,2
1519,louis,2322,3,4
1520,peniaz,2320,3,3
1521,stupeň,2319,3,6
1522,jednať,2318,3,8
1523,piatok,2317,3,3
1524,šou,2315,3,1
1525,študovať,2312,3,9
1526,oznámiť,2311,3,9
1527,castle,2303,3,1
1528,linka,2302,3,6
1529,zvedavý,2301,3,4
1530,mapa,2296,3,6
1531,správanie,2295,3,5
1532,alkohol,2295,3,4
1533,zamestnanec,2295,3,6
1534,bezpečne,2294,3,5
1535,národný,2293,3,10
1536,rozdeliť,2293,3,12
1537,tentokrát,2291,3,1
1538,sto,2291,3,3
1539,lano,2290,3,6
1540,dopredu,2289,3,1
1541,ozaj,2288,3,1
1542,búrka,2288,3,6
1543,znamenie,2283,3,4
1544,martin,2282,3,3
1545,zaútočiť,2282,3,10
1546,sieť,2279,3,5
1547,mágia,2279,3,5
1548,vyrásť,2279,3,9
1549,zbožňovať,2275,3,9
1550,momentálny,2274,3,1
1551,vrecko,2266,3,6
1552,výskum,2262,3,6
1553,vesta,2259,3,10
1554,dovolenka,2258,3,4
1555,pracovný,2256,3,9
1556,most,2253,3,7
1557,gay,2252,3,5
1558,forma,2249,3,7
1559,pláž,2247,3,3
1560,slušný,2243,3,10
1561,sľub,2241,3,5
1562,odteraz,2233,3,1
1563,pripojiť,2233,3,12
1564,synak,2231,3,1
1565,trh,2229,3,4
1566,ľavý,2229,3,9
1567,pohreb,2226,3,5
1568,hanbiť,2226,3,13
1569,rachel,2224,3,1
1570,prezradiť,2221,3,15
1571,not,2214,3,1
1572,spokojný,2213,3,5
1573,tvrdo,2210,3,2
1574,preco,2209,3,1
1575,mcgee,2207,3,1
1576,vysvetľovať,2207,3,6
1577,biznis,2204,3,4
1578,nieco,2200,3,1
1579,riešiť,2200,3,12
1580,odstrániť,2199,3,10
1581,steve,2195,3,1
1582,de,2192,3,1
1583,clark,2191,3,1
1584,kúzlo,2191,3,4
1585,hráč,2188,3,6
1586,prázdno,2187,3,5
1587,domáca,2182,3,5
1588,potreba,2182,3,7
1589,vďačný,2179,3,6
1590,inde,2178,3,1
1591,posádka,2178,3,5
1592,agentka,2177,3,5
1593,medveď,2177,3,7
1594,veda,2171,3,6
1595,zanechať,2168,3,8
1596,známka,2166,3,5
1597,oblečený,2163,3,6
1598,bytosť,2162,3,5
1599,riešenie,2161,3,4
1600,ehm,2159,3,1
1601,obrana,2158,3,5
1602,tieň,2158,3,8
1603,zabrániť,2157,3,8
1604,obchodný,2153,3,10
1605,mlieko,2152,3,4
1606,telka,2152,3,5
1607,výnimočný,2151,3,8
1608,značka,2151,3,6
1609,piaty,2148,3,9
1610,max,2147,3,1
1611,krása,2147,3,5
1612,hnev,2146,3,4
1613,predaj,2145,3,6
1614,bál,2142,3,2
1615,väzeň,2141,3,6
1616,dívať,2141,3,13
1617,minúť,2140,3,10
1618,špeciálne,2139,3,1
1619,priveľa,2138,3,1
1620,veličenstvo,2138,3,3
1621,mŕtva,2138,3,4
1622,postava,2138,3,6
1623,dozadu,2137,3,1
1624,sotva,2135,3,1
1625,svätý,2135,3,7
1626,sklamať,2135,3,13
1627,blbosť,2134,3,4
1628,odvtedy,2132,3,1
1629,ucho,2132,3,8
1630,rozbiť,2132,3,11
1631,obrátiť,2131,3,12
1632,čeliť,2130,3,9
1633,isto,2130,3,2
1634,zač,2129,3,1
1635,leto,2129,3,3
1636,trafiť,2129,3,11
1637,útek,2127,3,3
1638,zatvoriť,2127,3,10
1639,úsmev,2126,3,4
1640,minulo,2126,3,4
1641,posrať,2126,3,10
1642,zasa,2125,3,1
1643,technológia,2125,3,6
1644,dlh,2124,3,6
1645,deväť,2120,3,3
1646,schod,2117,3,6
1647,vlk,2117,3,8
1648,vystrašiť,2117,3,8
1649,ahojte,2116,3,1
1650,uvažovať,2116,3,13
1651,díky,2110,3,1
1652,čarodejnica,2110,3,6
1653,zoznámiť,2109,3,7
1654,krava,2106,3,6
1655,major,2105,3,4
1656,mladé,2105,3,4
1657,strčiť,2105,3,11
1658,južný,2104,3,9
1659,horieť,2104,3,11
1660,bratov,2097,3,2
1661,poliš,2093,3,6
1662,štátny,2093,3,9
1663,tréner,2086,3,6
1664,hlúposť,2086,3,4
1665,hriech,2082,3,5
1666,túžiť,2082,3,11
1667,pilot,2080,3,6
1668,obťažovať,2078,3,13
1669,obdobie,2077,3,4
1670,novinka,2076,3,6
1671,vystrašený,2076,3,4
1672,rameno,2076,3,8
1673,blbec,2075,3,5
1674,tušenie,2075,3,2
1675,pripadať,2073,3,9
1676,vírus,2072,3,6
1677,vlna,2070,3,8
1678,verejný,2068,3,9
1679,odmiesť,2065,3,4
1680,dokument,2064,3,7
1681,bratranec,2063,3,6
1682,preveriť,2059,3,9
1683,dan,2057,3,1
1684,verejnosť,2057,3,3
1685,internet,2057,3,3
1686,ročný,2057,3,10
1687,dôležite,2056,3,2
1688,zasiahnuť,2053,3,8
1689,tráviť,2051,3,10
1690,zadarmo,2049,3,1
1691,páska,2049,3,5
1692,tráva,2047,3,5
1693,ženatý,2045,3,3
1694,hrozba,2044,3,6
1695,ták,2043,3,1
1696,kňaz,2041,3,6
1697,štvrtý,2038,3,8
1698,spomaliť,2036,3,6
1699,kitty,2035,3,1
1700,usa,2035,3,1
1701,smrdieť,2035,3,7
1702,vážny,2033,3,9
1703,každopádne,2031,3,1
1704,hrob,2029,3,7
1705,nahý,2029,3,7
1706,povedaný,2021,3,1
1707,sever,2021,3,3
1708,okolnosť,2020,3,4
1709,lily,2015,3,1
1710,mŕtvola,2014,3,7
1711,al,2009,3,1
1712,známa,2009,3,9
1713,zákazník,2008,3,7
1714,odovzdať,2008,3,11
1715,ctihodnosť,2006,3,1
1716,tlačiť,2006,3,10
1717,kruh,2005,3,6
1718,poprosiť,2004,3,7
1719,avšak,2003,3,1
1720,navrhovať,2003,3,6
1721,informovať,2002,3,8
1722,zamilovať,2001,3,9
1723,tučný,1999,3,9
1724,chovať,1998,3,10
1725,nadšený,1994,3,4
1726,názov,1993,3,5
1727,vrchol,1993,3,5
1728,záhrada,1993,3,6
1729,základný,1993,3,10
1730,realita,1992,3,5
1731,vnútorný,1992,3,10
1732,vykonať,1992,3,9
1733,čerstvý,1990,3,7
1734,horúci,1990,3,9
1735,veľkosť,1988,3,3
1736,majiteľ,1985,3,7
1737,téma,1983,3,6
1738,rásť,1983,3,10
1739,storočie,1980,3,4
1740,uhnúť,1979,3,3
1741,moj,1977,3,1
1742,hotovo,1975,3,1
1743,kupovať,1975,3,10
1744,ukľudni,1974,3,1
1745,san,1974,3,1
1746,prekvapiť,1974,3,12
1747,zraniť,1973,3,9
1748,nikde,1972,3,1
1749,vybuchnúť,1972,3,9
1750,výsosť,1971,3,2
1751,vynikajúci,1971,3,6
1752,cigareta,1970,3,6
1753,eric,1969,3,1
1754,jazda,1969,3,5
1755,kráčať,1967,3,12
1756,kryť,1965,3,9
1757,zachytiť,1964,3,10
1758,príčina,1963,3,6
1759,krídlo,1961,3,7
1760,pizza,1960,3,4
1761,zatknutý,1959,3,3
1762,lovec,1959,3,6
1763,bežný,1959,3,10
1764,prítomnosť,1958,3,5
1765,poskytnúť,1957,3,9
1766,zločinec,1957,3,6
1767,maska,1956,3,7
1768,veža,1956,3,6
1769,farma,1954,3,5
1770,presunúť,1953,3,11
1771,blok,1952,3,4
1772,dôvera,1950,3,5
1773,odmena,1948,3,6
1774,severný,1947,3,9
1775,prehovoriť,1947,3,12
1776,žila,1946,3,5
1777,súdny,1946,3,9
1778,kradnúť,1946,3,11
1779,chytať,1943,3,12
1780,niekoľký,1942,3,3
1781,kufor,1939,3,5
1782,zabúdať,1939,3,12
1783,presťahovať,1938,3,6
1784,banka,1937,3,6
1785,tričko,1934,3,6
1786,ignorovať,1934,3,11
1787,chytrý,1933,3,7
1788,cudzí,1928,3,11
1789,emma,1926,3,1
1790,násilie,1926,3,5
1791,prevziať,1926,3,10
1792,alica,1924,3,2
1793,sobota,1920,3,3
1794,jed,1919,3,5
1795,televízia,1919,3,5
1796,oficiálne,1918,3,2
1797,jebať,1915,3,7
1798,ponúkať,1915,3,9
1799,výbuch,1914,3,5
1800,suka,1911,3,5
1801,pripomenúť,1911,3,9
1802,zlyhať,1909,3,9
1803,hračka,1908,3,6
1804,sklad,1907,3,5
1805,samotný,1905,3,10
1806,istota,1904,3,8
1807,odniesť,1903,3,10
1808,kretén,1902,3,5
1809,taxík,1901,3,6
1810,vzorka,1900,3,4
1811,variť,1900,3,9
1812,západ,1899,3,4
1813,svetový,1899,3,9
1814,nielen,1898,3,1
1815,návrat,1898,3,4
1816,dočkať,1897,3,1
1817,vyčistiť,1897,3,9
1818,schovať,1897,3,6
1819,jazero,1897,3,6
1820,dovtedy,1896,3,1
1821,pomsta,1895,3,5
1822,živé,1894,3,3
1823,prehliadka,1891,3,5
1824,obvinenie,1890,3,5
1825,materiál,1889,3,5
1826,uniknúť,1889,3,8
1827,zmeškať,1888,3,8
1828,obidva,1886,3,6
1829,ospravedlnenie,1885,3,4
1830,pánboh,1884,3,2
1831,inšpektor,1884,3,4
1832,prebudiť,1883,3,10
1833,au,1882,3,1
1834,čiže,1882,3,1
1835,klobúk,1882,3,6
1836,ľahnúť,1882,3,7
1837,plyn,1881,3,6
1838,mm-hm,1880,3,2
1839,ušetriť,1880,3,10
1840,slávny,1879,3,10
1841,klamstvo,1879,3,9
1842,fantastický,1876,3,4
1843,súťaž,1876,3,4
1844,vydávať,1875,3,9
1845,talent,1874,3,5
1846,zásoba,1871,3,6
1847,este,1869,3,1
1848,zabaviť,1869,3,10
1849,chuck,1868,3,1
1850,akonáhle,1867,3,1
1851,víťazstvo,1867,3,7
1852,sláva,1867,3,5
1853,presný,1867,3,6
1854,politika,1863,3,5
1855,riziko,1862,3,5
1856,príroda,1860,3,5
1857,go,1859,3,1
1858,riadne,1859,3,1
1859,chodba,1859,3,8
1860,splniť,1856,3,12
1861,cudzinec,1853,3,7
1862,rušiť,1852,3,9
1863,strážnik,1851,3,5
1864,využívať,1849,3,10
1865,pripravovať,1848,3,9
1866,úmysel,1847,3,5
1867,omyl,1847,3,5
1868,schôdzka,1846,3,5
1869,had,1845,3,7
1870,národ,1839,3,7
1871,bohužiaľ,1838,3,1
1872,veselý,1838,3,4
1873,kurz,1836,3,5
1874,zmätený,1834,3,4
1875,kelly,1831,3,1
1876,okamih,1831,3,4
1877,kapela,1831,3,6
1878,nerv,1830,3,5
1879,vedec,1830,3,6
1880,poklad,1828,3,6
1881,liečba,1828,3,5
1882,pánov,1826,3,2
1883,prekrásny,1826,3,4
1884,plávať,1825,3,9
1885,mor,1824,3,4
1886,kópia,1823,3,4
1887,teplý,1823,3,8
1888,naháňať,1822,3,10
1889,počasie,1821,3,5
1890,túžba,1821,3,6
1891,sean,1820,3,1
1892,jenny,1820,3,1
1893,vplyv,1820,3,3
1894,génius,1818,3,5
1895,príšera,1816,3,7
1896,obviňovať,1815,3,12
1897,bas,1814,3,3
1898,divoký,1814,3,10
1899,ooh,1813,3,1
1900,záchrana,1813,3,5
1901,pardon,1810,3,1
1902,mora,1810,3,3
1903,rock,1810,3,3
1904,sladký,1810,3,6
1905,anglicko,1810,3,3
1906,ochranka,1808,3,5
1907,otrok,1808,3,6
1908,zlatíčko,1803,3,1
1909,zavraždený,1803,3,6
1910,obloha,1802,3,5
1911,lord,1801,3,4
1912,prepustiť,1801,3,11
1913,výhoda,1801,3,10
1914,hlad,1800,3,3
1915,vrátane,1799,3,1
1916,podržať,1799,3,7
1917,mm,1796,3,1
1918,napísaný,1794,3,3
1919,spánok,1793,3,3
1920,kilometer,1792,3,4
1921,plus,1791,3,1
1922,justin,1787,3,1
1923,tunel,1787,3,8
1924,stlačiť,1787,3,9
1925,okuliare,1786,3,4
1926,klamár,1786,3,5
1927,oceán,1785,3,7
1928,emily,1784,3,1
1929,kráľovský,1784,3,10
1930,tvor,1781,3,9
1931,štúdia,1780,3,5
1932,ostávať,1779,3,8
1933,prirodzený,1776,3,11
1934,štetka,1774,3,4
1935,paráda,1773,3,1
1936,zaviesť,1773,3,12
1937,minútka,1772,3,3
1938,brácho,1771,3,1
1939,úder,1771,3,7
1940,charles,1769,3,2
1941,srdiečko,1768,3,2
1942,lekársky,1768,3,8
1943,úcta,1767,3,5
1944,hlásiť,1767,3,10
1945,dych,1765,3,3
1946,reakcia,1765,3,6
1947,otvárať,1765,3,10
1948,lopta,1764,3,5
1949,páliť,1764,3,6
1950,zelený,1764,3,8
1951,brian,1762,3,1
1952,luke,1760,3,1
1953,pesnička,1760,3,6
1954,mocný,1759,3,12
1955,reagovať,1759,3,11
1956,výborná,1756,3,3
1957,sexi,1754,3,2
1958,vystreliť,1754,3,10
1959,pokým,1753,3,1
1960,lad,1753,3,2
1961,lucy,1751,3,1
1962,jeff,1751,3,1
1963,jedine,1750,3,1
1964,výpoveď,1750,3,4
1965,vzdávať,1750,3,11
1966,pera,1749,3,7
1967,spáchať,1747,3,7
1968,thomas,1745,3,1
1969,podvod,1745,3,6
1970,poriadny,1745,3,5
1971,verzia,1744,3,5
1972,ou,1742,3,1
1973,washington,1742,3,4
1974,priateľský,1741,3,13
1975,podporovať,1740,3,10
1976,síce,1739,3,1
1977,podvádzať,1739,3,11
1978,štvrť,1735,3,4
1979,velmi,1731,3,1
1980,trénovať,1730,3,10
1981,zjavne,1728,3,1
1982,vložiť,1727,3,11
1983,eva,1726,3,6
1984,kľudne,1725,3,1
1985,vyhnúť,1725,3,6
1986,skryť,1725,3,7
1987,zlomený,1725,3,7
1988,rešpekt,1723,3,4
1989,opúšťať,1722,3,12
1990,presvedčený,1720,3,3
1991,overiť,1718,3,8
1992,braček,1716,3,2
1993,hodinky,1714,3,1
1994,vyrastať,1713,3,6
1995,školský,1713,3,9
1996,zradiť,1710,3,7
1997,vedenie,1709,3,4
1998,sir,1705,3,3
1999,stolička,1704,3,6
2000,svadobný,1704,3,7
2001,spáliť,1704,3,11
2002,požiar,1703,3,6
2003,hanba,1703,3,5
2004,zamilovaný,1702,3,4
2005,santa,1701,3,1
2006,angela,1700,3,5
2007,nic,1698,3,1
2008,dážď,1698,3,7
2009,tlač,1698,3,4
2010,telefónny,1697,3,8
2011,zrkadlo,1697,3,6
2012,chloe,1694,3,1
2013,vyhrážať,1690,3,9
2014,nedeľa,1689,3,3
2015,obetovať,1689,3,8
2016,výraz,1688,3,4
2017,podlaha,1688,3,5
2018,ozbrojený,1687,3,9
2019,ted,1686,3,1
2020,vedomý,1685,3,3
2021,mat,1683,3,2
2022,navrhnúť,1681,3,5
2023,hliadka,1681,3,6
2024,sused,1680,3,5
2025,metro,1680,3,4
2026,krvný,1679,3,8
2027,sťažovať,1679,3,10
2028,osamelý,1677,3,6
2029,sprcha,1676,3,5
2030,zbaliť,1676,3,9
2031,ľudstvo,1675,3,3
2032,house,1674,3,1
2033,fotografia,1674,3,5
2034,chudák,1673,3,5
2035,temnota,1673,3,6
2036,pondelok,1672,3,3
2037,spis,1671,3,6
2038,nazdar,1669,3,1
2039,tváriť,1668,3,11
2040,kúpeľňa,1666,3,4
2041,vyrobiť,1666,3,7
2042,oženiť,1666,3,6
2043,banda,1665,3,5
2044,street,1664,3,1
2045,dohodnutý,1664,3,5
2046,smiech,1661,3,3
2047,žiadosť,1660,3,4
2048,gang,1660,3,5
2049,your,1659,3,1
2050,reklama,1658,3,6
2051,dobré,1657,3,2
2052,rešpektovať,1655,3,10
2053,závislý,1655,3,10
2054,naraz,1654,3,1
2055,vedúci,1653,3,5
2056,poznámka,1652,3,5
2057,naštvaný,1651,3,1
2058,we,1650,3,1
2059,záber,1650,3,5
2060,email,1649,3,7
2061,šek,1648,3,5
2062,hotovosť,1646,3,3
2063,dostatočne,1645,3,1
2064,predstavenie,1645,3,3
2065,pištoľ,1645,3,3
2066,divadlo,1645,3,4
2067,povrch,1644,3,3
2068,prostredie,1643,3,5
2069,točiť,1643,3,10
2070,hnusný,1642,3,8
2071,susan,1638,3,1
2072,prinášať,1638,3,6
2073,milovaný,1637,3,9
2074,zbytočný,1636,3,6
2075,detská,1634,3,5
2076,úspešný,1633,3,11
2077,prúd,1632,3,5
2078,zopakovať,1632,3,9
2079,hlásenie,1631,3,3
2080,pokojný,1631,3,6
2081,herec,1629,3,5
2082,legenda,1627,3,7
2083,doprava,1626,3,4
2084,streliť,1624,3,8
2085,klam,1623,3,2
2086,veru,1620,3,1
2087,identifikovať,1620,3,6
2088,mna,1619,3,1
2089,trápne,1617,3,1
2090,kráľovstvo,1617,3,5
2091,miliarda,1617,3,5
2092,žid,1617,3,5
2093,zavraždiť,1614,3,5
2094,škaredý,1613,3,8
2095,uhm,1612,3,1
2096,omnoho,1611,3,1
2097,preniesť,1610,3,11
2098,all,1609,3,1
2099,podnik,1609,3,5
2100,andy,1607,3,1
2101,pohotovosť,1606,3,2
2102,vyliezť,1606,3,8
2103,otcov,1606,3,9
2104,william,1605,3,1
2105,pozemok,1605,3,4
2106,potrvať,1605,3,2
2107,denne,1604,3,1
2108,prenasledovať,1602,3,8
2109,hocikto,1601,3,4
2110,výmena,1601,3,5
2111,osamote,1600,3,1
2112,vedomie,1599,3,3
2113,puto,1599,3,6
2114,európa,1599,3,4
2115,zamknúť,1598,3,7
2116,prasa,1597,3,5
2117,odporný,1597,3,6
2118,spálňa,1597,3,5
2119,pôda,1597,3,5
2120,ničí,1596,3,2
2121,zabezpečiť,1594,3,10
2122,význam,1593,3,3
2123,tabletka,1593,3,6
2124,vyjadriť,1591,3,6
2125,prestávka,1590,3,4
2126,lisa,1589,3,1
2127,odmietať,1589,3,8
2128,smrteľný,1589,3,14
2129,ceniť,1587,3,5
2130,modrá,1584,3,4
2131,zapamätať,1583,3,9
2132,hádzať,1583,3,10
2133,kdekoľvek,1582,3,1
2134,obviniť,1582,3,8
2135,ib,1579,3,1
2136,koncert,1579,3,5
2137,ger,1579,3,6
2138,synu,1578,3,1
2139,zdravotný,1578,3,8
2140,nezvestný,1577,3,8
2141,sexuálny,1575,3,9
2142,chlieb,1573,3,4
2143,najesť,1572,3,8
2144,mr,1571,3,1
2145,vysvetlenie,1570,3,3
2146,ruský,1570,3,11
2147,nora,1569,3,5
2148,sviňa,1569,3,4
2149,streľba,1569,3,5
2150,zlom,1567,3,2
2151,zranenie,1566,3,6
2152,starosta,1565,3,3
2153,šialenstvo,1565,3,5
2154,laboratórium,1564,3,5
2155,skala,1564,3,8
2156,federálny,1564,3,10
2157,zapísať,1564,3,8
2158,pohybovať,1563,3,9
2159,scott,1562,3,1
2160,prehľadať,1561,3,9
2161,kristus,1560,3,4
2162,nakopať,1560,3,8
2163,laura,1558,3,5
2164,nov,1558,3,4
2165,tati,1557,3,1
2166,výťah,1557,3,4
2167,vyžadovať,1557,3,5
2168,diana,1556,3,4
2169,nato,1555,3,1
2170,terorista,1555,3,6
2171,štít,1554,3,5
2172,napiť,1554,3,8
2173,jay,1553,3,1
2174,súkromie,1553,3,3
2175,vlastniť,1553,3,9
2176,dík,1551,3,1
2177,prázdny,1551,3,7
2178,pobrežie,1551,3,4
2179,vyliečiť,1551,3,10
2180,dočerta,1550,3,1
2181,manažér,1547,3,6
2182,lúpež,1547,3,5
2183,úžasne,1546,3,2
2184,zatvorený,1545,3,5
2185,uniforma,1544,3,5
2186,palec,1543,3,5
2187,ozajstný,1543,3,10
2188,senátor,1542,3,6
2189,mamička,1541,3,5
2190,stefan,1540,3,1
2191,ed,1540,3,1
2192,dedko,1540,3,4
2193,van,1539,3,1
2194,zapnúť,1539,3,8
2195,príbuzný,1539,3,6
2196,stávka,1539,3,5
2197,kontaktovať,1539,3,8
2198,vystopovať,1538,3,5
2199,hlboký,1538,3,10
2200,znak,1537,3,4
2201,posunúť,1537,3,10
2202,vozidlo,1536,3,6
2203,juh,1535,3,2
2204,porota,1535,3,5
2205,bojový,1534,3,9
2206,nízky,1534,3,11
2207,kopa,1533,3,2
2208,jackson,1532,3,1
2209,mária,1532,3,5
2210,odpáliť,1532,3,10
2211,minister,1531,3,5
2212,bazén,1531,3,6
2213,občan,1531,3,6
2214,zásah,1530,3,6
2215,dvor,1530,3,3
2216,naďalej,1529,3,1
2217,amen,1528,3,1
2218,vyrovnať,1528,3,9
2219,raketa,1526,3,7
2220,novinár,1526,3,6
2221,počet,1525,3,4
2222,syr,1525,3,4
2223,starostlivosť,1525,3,3
2224,afrika,1525,3,4
2225,starosť,1524,3,3
2226,žalúdok,1524,3,4
2227,časopis,1523,3,6
2228,mieriť,1523,3,11
2229,carl,1521,3,1
2230,karen,1521,3,1
2231,prezrieť,1521,3,8
2232,šok,1519,3,3
2233,priateľstvo,1519,3,6
2234,patrick,1518,3,1
2235,rozkošný,1518,3,5
2236,pozorovať,1518,3,9
2237,rasa,1517,3,6
2238,slza,1516,3,6
2239,prsia,1515,3,4
2240,zbabelec,1515,3,5
2241,vstup,1515,3,5
2242,bicykel,1515,3,6
2243,monštrum,1514,3,5
2244,kanál,1514,3,8
2245,bozk,1513,3,5
2246,posadnutý,1513,3,4
2247,mmm,1511,3,1
2248,pete,1511,3,1
2249,koza,1511,3,6
2250,kostým,1511,3,6
2251,smerovať,1511,3,10
2252,pôvodný,1511,3,11
2253,joey,1510,3,1
2254,dlhovať,1510,3,8
2255,oklamať,1510,3,5
2256,jerry,1509,3,1
2257,následok,1509,3,5
2258,los,1508,3,2
2259,robin,1507,3,1
2260,rozlúčiť,1507,3,9
2261,libra,1506,3,3
2262,kočka,1506,3,7
2263,elizabeth,1504,3,1
2264,incident,1504,3,6
2265,damon,1502,3,1
2266,oslavovať,1501,3,8
2267,brucho,1501,3,4
2268,nudný,1500,3,6
2269,vyberať,1500,3,10
2270,grace,1497,3,1
2271,generácia,1496,3,5
2272,teplota,1496,3,5
2273,zrovna,1494,3,1
2274,mamka,1493,3,5
2275,bunka,1493,3,7
2276,re,1492,3,1
2277,tim,1491,3,1
2278,nula,1491,3,6
2279,mimozemšťan,1491,3,7
2280,premeniť,1491,3,9
2281,nutný,1488,3,3
2282,simon,1486,3,1
2283,vzrušujúci,1486,3,4
2284,mexiko,1486,3,3
2285,pád,1486,3,5
2286,futbal,1485,3,3
2287,sťahovať,1484,3,9
2288,čosi,1483,3,1
2289,tréning,1483,3,4
2290,cirkev,1483,3,3
2291,krvácať,1483,3,8
2292,umelec,1482,3,5
2293,finančný,1482,3,8
2294,zapáliť,1482,3,10
2295,komplikovaný,1481,3,3
2296,poradiť,1480,3,8
2297,strašidelný,1478,3,6
2298,zahrávať,1475,3,9
2299,prekonať,1474,3,7
2300,siedmy,1474,3,9
2301,zložka,1473,3,6
2302,vypustiť,1473,3,11
2303,nasadiť,1473,3,9
2304,tv,1472,3,1
2305,prejav,1472,3,6
2306,drevo,1472,3,4
2307,strážiť,1471,3,7
2308,ukradnutý,1471,3,7
2309,vas,1469,3,1
2310,večierok,1468,3,3
2311,šiesty,1468,3,8
2312,zvýšiť,1468,3,10
2313,peňaženka,1466,3,4
2314,víťaz,1466,3,5
2315,pohárik,1465,3,4
2316,šikovný,1465,3,6
2317,young,1464,3,1
2318,diel,1464,3,6
2319,odhodiť,1464,3,6
2320,ťah,1463,3,5
2321,porušiť,1462,3,9
2322,poňatie,1459,3,2
2323,kabát,1458,3,5
2324,užitočný,1458,3,6
2325,váha,1458,3,5
2326,zbadať,1458,3,10
2327,romantický,1457,3,6
2328,strelec,1457,3,6
2329,nasledujúci,1456,3,7
2330,vynechať,1456,3,9
2331,detektívka,1455,3,5
2332,hank,1454,3,1
2333,temný,1454,3,7
2334,večera,1453,3,3
2335,predný,1450,3,10
2336,príklad,1449,3,4
2337,man,1448,3,1
2338,ušiť,1448,3,3
2339,zložitý,1448,3,5
2340,krutý,1448,3,6
2341,zabávať,1448,3,12
2342,part,1447,3,2
2343,dávka,1446,3,7
2344,pľúca,1445,3,4
2345,vyšetrovať,1445,3,9
2346,krádež,1444,3,5
2347,profesionálny,1444,3,10
2348,obvinený,1442,3,4
2349,pošta,1442,3,5
2350,dojem,1440,3,3
2351,založiť,1440,3,6
2352,umyť,1439,3,8
2353,vsetko,1438,3,1
2354,model,1438,3,5
2355,zóna,1438,3,4
2356,nástroj,1437,3,5
2357,cool,1436,3,1
2358,denník,1436,3,4
2359,ministerstvo,1435,3,5
2360,séria,1435,3,6
2361,diamant,1432,3,7
2362,lekcia,1431,3,4
2363,schránka,1431,3,5
2364,kokot,1430,3,5
2365,sendvič,1429,3,4
2366,brada,1429,3,5
2367,dnešok,1428,3,4
2368,našťastie,1427,3,1
2369,kreslo,1426,3,5
2370,médium,1426,3,7
2371,politický,1426,3,8
2372,čína,1425,3,5
2373,gauč,1422,3,4
2374,ncis,1420,3,1
2375,vianočný,1419,3,8
2376,tesne,1417,3,1
2377,naznačovať,1416,3,7
2378,bum,1413,3,1
2379,skrinka,1413,3,4
2380,oslobodiť,1412,3,9
2381,cia,1411,3,1
2382,bábika,1411,3,6
2383,príchod,1410,3,4
2384,snaha,1410,3,5
2385,čínsky,1410,3,8
2386,zmrzlina,1408,3,4
2387,korekcia,1406,3,2
2388,náhle,1404,3,1
2389,prístroj,1404,3,7
2390,detstvo,1404,3,3
2391,vytvárať,1403,3,8
2392,účel,1403,3,4
2393,polievka,1402,3,5
2394,pás,1401,3,6
2395,žiarliť,1401,3,7
2396,jackie,1400,3,1
2397,ochraňovať,1400,3,9
2398,se,1399,3,1
2399,časový,1399,3,8
2400,spôsobovať,1399,3,6
2401,výzva,1397,3,5
2402,karl,1396,3,1
2403,odpad,1395,3,3
2404,mel,1394,3,1
2405,čestný,1394,3,9
2406,čln,1393,3,7
2407,sestrička,1391,3,4
2408,inokedy,1388,3,1
2409,mávať,1387,3,10
2410,vodič,1386,3,6
2411,molly,1385,3,1
2412,tentoraz,1382,3,1
2413,psí,1382,3,7
2414,doktorov,1381,3,2
2415,dátum,1380,3,5
2416,prostriedok,1380,3,6
2417,symbol,1379,3,4
2418,zlepšiť,1379,3,8
2419,anglicky,1378,3,1
2420,torta,1378,3,4
2421,svedomie,1377,3,5
2422,scenár,1376,3,5
2423,doviesť,1376,3,10
2424,takisto,1375,3,1
2425,julia,1375,3,2
2426,oco,1375,3,5
2427,tyler,1374,3,1
2428,dvojitý,1373,3,7
2429,pas,1372,3,5
2430,sneh,1372,3,3
2431,priamy,1368,3,9
2432,zakaždým,1367,3,1
2433,annie,1367,3,1
2434,línia,1367,3,6
2435,územie,1365,3,4
2436,zelená,1365,3,4
2437,bordel,1363,3,3
2438,bozkávať,1362,3,9
2439,podobať,1361,3,8
2440,žeby,1359,3,1
2441,zradca,1359,3,5
2442,košeľa,1358,3,5
2443,phil,1357,3,1
2444,utrpenie,1357,3,5
2445,rozvod,1357,3,5
2446,opustený,1357,3,9
2447,jamie,1356,3,1
2448,hrozno,1356,3,4
2449,zamerať,1356,3,8
2450,josh,1355,3,1
2451,organizácia,1354,3,6
2452,jason,1353,3,1
2453,nájdený,1353,3,5
2454,knižnica,1353,3,4
2455,starec,1352,3,6
2456,varovanie,1350,3,4
2457,polnoc,1350,3,3
2458,rukojemník,1350,3,6
2459,slnečný,1350,3,8
2460,uväznený,1349,3,5
2461,vyzliecť,1348,3,7
2462,doslova,1347,3,1
2463,postup,1347,3,5
2464,vymazať,1347,3,9
2465,pacientov,1346,3,2
2466,jaskyňa,1345,3,6
2467,isteže,1344,3,1
2468,sladké,1343,3,2
2469,ulička,1343,3,5
2470,anglický,1343,3,9
2471,priblížiť,1343,3,13
2472,naopak,1342,3,1
2473,experiment,1342,3,7
2474,zvyk,1342,3,5
2475,ubližovať,1342,3,10
2476,michelle,1339,3,1
2477,rola,1339,3,5
2478,svätá,1339,3,4
2479,flotila,1336,3,5
2480,dr,1335,3,1
2481,frasier,1334,3,1
2482,red,1334,3,1
2483,rus,1334,3,6
2484,morský,1332,3,8
2485,lepšiť,1331,3,1
2486,vydatý,1331,3,2
2487,liečiť,1330,3,8
2488,dvadsať,1329,3,3
2489,dôchodok,1329,3,2
2490,vchod,1328,3,5
2491,náklad,1328,3,5
2492,akokoľvek,1327,3,1
2493,linda,1327,3,5
2494,frajer,1327,3,5
2495,podobne,1324,3,1
2496,zamyslieť,1324,3,9
2497,pochovať,1323,3,6
2498,pyšný,1322,3,3
2499,ron,1321,3,1
2500,sally,1320,3,1
2501,hluk,1320,4,2
2502,kino,1320,4,3
2503,približovať,1320,4,6
2504,harvey,1319,4,1
2505,pauza,1319,4,3
2506,sorry,1317,4,1
2507,velenie,1317,4,5
2508,súbor,1317,4,6
2509,zhoda,1317,4,6
2510,zaoberať,1316,4,10
2511,katie,1315,4,1
2512,sviečka,1315,4,6
2513,stres,1315,4,4
2514,východný,1314,4,7
2515,citlivý,1314,4,7
2516,silne,1313,4,3
2517,kampaň,1313,4,4
2518,elektrický,1313,4,9
2519,vpred,1312,4,1
2520,kráľov,1312,4,7
2521,nahrávka,1312,4,5
2522,všakže,1311,4,1
2523,niles,1311,4,1
2524,sanitka,1311,4,4
2525,odlišný,1311,4,6
2526,jess,1310,4,1
2527,agentúra,1310,4,5
2528,zvyčajný,1308,4,6
2529,mas,1308,4,2
2530,osobnosť,1306,4,4
2531,garáž,1306,4,3
2532,nate,1305,4,1
2533,nenávisť,1305,4,3
2534,zraziť,1305,4,7
2535,porucha,1304,4,6
2536,panna,1302,4,6
2537,zniesť,1302,4,9
2538,súdiť,1301,4,9
2539,sk,1300,4,1
2540,tovar,1300,4,3
2541,uzavretý,1300,4,4
2542,rozumný,1300,4,6
2543,vyhýbať,1299,4,10
2544,cenný,1298,4,12
2545,bonnie,1296,4,1
2546,dofrasa,1296,4,1
2547,merlin,1295,4,1
2548,chudobný,1295,4,7
2549,opovažovať,1294,4,4
2550,eh,1293,4,1
2551,chod,1289,4,4
2552,vysielanie,1288,4,3
2553,toaleta,1287,4,5
2554,nemecký,1287,4,10
2555,hala,1286,4,5
2556,daň,1286,4,4
2557,rím,1286,4,4
2558,príjem,1285,4,5
2559,upratať,1285,4,9
2560,emócia,1284,4,5
2561,cukor,1284,4,3
2562,kliatba,1284,4,5
2563,továreň,1284,4,4
2564,zamknutý,1283,4,4
2565,be,1282,4,1
2566,urážka,1282,4,4
2567,západný,1280,4,8
2568,katherine,1279,4,1
2569,vypäť,1279,4,2
2570,he,1278,4,1
2571,prechádzka,1277,4,4
2572,dinozzo,1276,4,1
2573,mariť,1276,4,2
2574,vystúpenie,1276,4,4
2575,naštvať,1275,4,8
2576,šéfka,1274,4,4
2577,dielo,1274,4,3
2578,plač,1274,4,4
2579,motív,1273,4,4
2580,náboj,1273,4,4
2581,hotové,1272,4,1
2582,raj,1272,4,4
2583,rick,1270,4,1
2584,čisto,1270,4,2
2585,výstrel,1269,4,5
2586,sklo,1268,4,5
2587,zaistiť,1268,4,9
2588,caroline,1267,4,1
2589,hrubý,1267,4,6
2590,poistka,1267,4,5
2591,daný,1267,4,8
2592,milosť,1266,4,3
2593,konečný,1266,4,9
2594,marta,1263,4,2
2595,dohromady,1262,4,1
2596,španielsky,1261,4,6
2597,tuto,1260,4,1
2598,prístav,1259,4,4
2599,donna,1257,4,1
2600,zámok,1257,4,3
2601,súhlas,1257,4,5
2602,percento,1256,4,5
2603,desiť,1256,4,6
2604,púšť,1255,4,4
2605,predmet,1254,4,5
2606,dráha,1254,4,4
2607,divne,1253,4,3
2608,šálka,1252,4,5
2609,rozhodovať,1252,4,9
2610,oliver,1251,4,4
2611,podpis,1251,4,5
2612,pozdraviť,1251,4,5
2613,drak,1250,4,7
2614,podozrenie,1248,4,3
2615,chaos,1248,4,4
2616,domnievať,1246,4,8
2617,ránko,1245,4,1
2618,posratý,1245,4,8
2619,holly,1244,4,1
2620,skok,1244,4,5
2621,vam,1243,4,1
2622,penis,1243,4,5
2623,zabitie,1243,4,4
2624,zvážiť,1243,4,8
2625,čokoláda,1243,4,5
2626,palác,1243,4,3
2627,zahodiť,1243,4,7
2628,zarábať,1243,4,8
2629,rozmyslieť,1243,4,9
2630,orgán,1242,4,6
2631,uznať,1241,4,9
2632,terapia,1239,4,5
2633,medzinárodný,1238,4,9
2634,prijímať,1238,4,9
2635,pravdaže,1236,4,1
2636,lenže,1236,4,1
2637,preskočiť,1236,4,10
2638,voňať,1235,4,6
2639,výkon,1234,4,5
2640,blair,1233,4,1
2641,studený,1233,4,4
2642,zdržať,1233,4,11
2643,nahlas,1232,4,1
2644,prepadnúť,1232,4,7
2645,lacný,1231,4,7
2646,zapletený,1230,4,4
2647,smola,1230,4,2
2648,naplniť,1230,4,10
2649,pritom,1229,4,1
2650,obyvateľ,1229,4,5
2651,tvar,1228,4,5
2652,zároveň,1227,4,1
2653,aktivita,1227,4,6
2654,beckettový,1226,4,2
2655,asistent,1226,4,6
2656,kiežby,1225,4,1
2657,blízkosť,1225,4,2
2658,hľadanie,1225,4,4
2659,strážca,1224,4,6
2660,tuším,1223,4,1
2661,modré,1222,4,3
2662,komisia,1222,4,5
2663,statočný,1221,4,6
2664,nočný,1221,4,6
2665,zúfalý,1220,4,6
2666,leo,1218,4,1
2667,podeliť,1218,4,7
2668,dakujem,1217,4,1
2669,vegas,1217,4,1
2670,kyslík,1217,4,4
2671,kultúra,1217,4,7
2672,ukryť,1216,4,8
2673,utorok,1214,4,3
2674,vážený,1214,4,3
2675,india,1214,4,4
2676,záchranný,1214,4,8
2677,naštvaná,1212,4,1
2678,načase,1211,4,1
2679,potešiť,1210,4,8
2680,troska,1209,4,6
2681,rytier,1207,4,5
2682,beth,1206,4,1
2683,vízia,1206,4,6
2684,tamtá,1206,4,8
2685,kamoška,1205,4,6
2686,ihrisko,1205,4,3
2687,penny,1204,4,1
2688,nemecko,1204,4,3
2689,klietka,1204,4,5
2690,da,1202,4,1
2691,vajíčko,1202,4,3
2692,behať,1202,4,8
2693,podiel,1201,4,3
2694,založený,1201,4,4
2695,pevne,1200,4,2
2696,guvernér,1199,4,5
2697,mestský,1199,4,8
2698,doľava,1198,4,1
2699,obchodník,1198,4,5
2700,odmietnuť,1198,4,7
2701,sedadlo,1197,4,7
2702,kiež,1196,4,1
2703,beh,1196,4,3
2704,zavesiť,1196,4,8
2705,posledné,1195,4,2
2706,oddelený,1195,4,5
2707,postreliť,1195,4,4
2708,can,1194,4,1
2709,usmievať,1194,4,9
2710,marcus,1193,4,1
2711,pozdrav,1193,4,3
2712,km,1191,4,1
2713,jones,1190,4,1
2714,pivnica,1190,4,4
2715,julie,1189,4,1
2716,oddýchnuť,1189,4,4
2717,poloha,1189,4,4
2718,vládny,1189,4,8
2719,rukavica,1187,4,5
2720,skrytý,1187,4,6
2721,stavať,1187,4,8
2722,nastaviť,1187,4,8
2723,identita,1186,4,5
2724,priebeh,1185,4,2
2725,včas,1184,4,1
2726,pointa,1184,4,5
2727,tradícia,1184,4,6
2728,ružový,1184,4,8
2729,biblia,1184,4,4
2730,katastrofa,1183,4,5
2731,súvisieť,1183,4,5
2732,nas,1182,4,1
2733,večnosť,1182,4,2
2734,použitý,1182,4,4
2735,francúz,1182,4,9
2736,nevyhnutný,1181,4,3
2737,únos,1181,4,5
2738,privítať,1181,4,8
2739,sklamaný,1180,4,3
2740,vyskočiť,1180,4,7
2741,vyrábať,1179,4,8
2742,roger,1178,4,1
2743,jen,1178,4,1
2744,loviť,1178,4,6
2745,učiteľka,1175,4,4
2746,cent,1174,4,3
2747,tetovanie,1173,4,4
2748,ohrozený,1172,4,5
2749,prakticky,1171,4,1
2750,naň,1171,4,1
2751,sara,1170,4,1
2752,mlčať,1170,4,5
2753,technika,1170,4,6
2754,expert,1169,4,5
2755,zakázaný,1168,4,3
2756,tadeto,1167,4,1
2757,extra,1167,4,1
2758,koláčik,1167,4,4
2759,predviesť,1167,4,9
2760,taliansky,1166,4,6
2761,lois,1165,4,1
2762,balík,1165,4,5
2763,kôš,1164,4,5
2764,chladnička,1162,4,4
2765,zachovať,1162,4,7
2766,nahlásiť,1162,4,8
2767,vedľajší,1161,4,7
2768,hádka,1161,4,5
2769,pero,1160,4,3
2770,kilo,1160,4,4
2771,casey,1159,4,1
2772,ochutnať,1159,4,8
2773,komunikácia,1159,4,4
2774,vojnový,1159,4,8
2775,výhľad,1158,4,2
2776,lev,1158,4,5
2777,zožrať,1158,4,9
2778,heslo,1157,4,3
2779,zisk,1157,4,5
2780,zbor,1157,4,4
2781,záver,1156,4,4
2782,pristáť,1156,4,5
2783,slepá,1155,4,4
2784,modlitba,1155,4,7
2785,rusko,1155,4,3
2786,závisieť,1155,4,5
2787,padák,1154,4,5
2788,toľký,1154,4,7
2789,hrdlo,1153,4,5
2790,zavretý,1153,4,5
2791,posila,1152,4,3
2792,atmosféra,1152,4,5
2793,rory,1151,4,1
2794,with,1151,4,1
2795,šíriť,1150,4,6
2796,krvavý,1148,4,7
2797,kang,1147,4,1
2798,plat,1147,4,4
2799,voz,1147,4,7
2800,starká,1146,4,4
2801,odstúpiť,1146,4,4
2802,nanešťastie,1145,4,1
2803,podvodník,1145,4,5
2804,titul,1144,4,6
2805,tae,1143,4,1
2806,slepý,1143,4,5
2807,čelo,1143,4,4
2808,kríza,1143,4,5
2809,black,1142,4,1
2810,up,1142,4,1
2811,prokurátor,1142,4,4
2812,skákať,1142,4,9
2813,riadny,1141,4,5
2814,príprava,1141,4,7
2815,skurvysyn,1140,4,2
2816,smiešny,1139,4,3
2817,odpočívať,1139,4,4
2818,pojeb,1138,4,1
2819,larry,1138,4,1
2820,gabriel,1138,4,3
2821,medzitým,1137,4,1
2822,odznak,1136,4,4
2823,údaj,1136,4,4
2824,jasno,1136,4,3
2825,rebecca,1135,4,1
2826,andrew,1135,4,1
2827,pokrok,1135,4,3
2828,ples,1135,4,3
2829,domáci,1135,4,6
2830,vies,1135,4,2
2831,crane,1134,4,1
2832,desivý,1134,4,3
2833,nízko,1134,4,3
2834,infekcia,1134,4,5
2835,akýsi,1134,4,8
2836,big,1133,4,1
2837,múzeum,1133,4,4
2838,hannah,1132,4,1
2839,komora,1132,4,5
2840,smútok,1131,4,3
2841,babička,1130,4,5
2842,vyhlásiť,1130,4,8
2843,fyzický,1129,4,8
2844,obdivovať,1128,4,8
2845,dohľad,1128,4,4
2846,audrey,1127,4,1
2847,šofér,1127,4,5
2848,strela,1127,4,5
2849,zbierať,1127,4,9
2850,pršať,1127,4,4
2851,kecať,1127,4,9
2852,zasraný,1126,4,2
2853,pôsobivý,1126,4,3
2854,album,1126,4,5
2855,zabijak,1126,4,5
2856,uviesť,1125,4,9
2857,oproti,1124,4,1
2858,aah,1124,4,1
2859,záchvat,1124,4,4
2860,vesmírny,1124,4,8
2861,otravovať,1123,4,8
2862,záhada,1122,4,5
2863,drogový,1122,4,9
2864,tucet,1120,4,6
2865,koleso,1120,4,7
2866,bejby,1119,4,1
2867,pomóc,1119,4,1
2868,prežitie,1119,4,3
2869,jedinečný,1117,4,6
2870,bravo,1116,4,1
2871,skrz,1116,4,2
2872,premyslieť,1116,4,7
2873,čiara,1116,4,5
2874,trestný,1116,4,7
2875,bunda,1115,4,4
2876,kašeľ,1114,4,4
2877,požiadavka,1114,4,6
2878,právny,1113,4,8
2879,obsahovať,1113,4,6
2880,väzba,1112,4,4
2881,pretiahnuť,1112,4,8
2882,ovocie,1111,4,3
2883,viditeľný,1111,4,8
2884,ela,1110,4,1
2885,totiž,1110,4,1
2886,použitie,1110,4,3
2887,odrezať,1110,4,8
2888,prirodzene,1109,4,1
2889,infarkt,1108,4,2
2890,dosah,1108,4,2
2891,vedecký,1108,4,8
2892,schovávať,1108,4,9
2893,súboj,1106,4,4
2894,jeremy,1105,4,1
2895,catherine,1105,4,1
2896,metóda,1105,4,6
2897,visieť,1105,4,6
2898,rozlúčka,1104,4,4
2899,poradie,1104,4,4
2900,potkan,1103,4,5
2901,milenec,1103,4,5
2902,objekt,1102,4,6
2903,spolupráca,1101,4,4
2904,maggie,1099,4,1
2905,carrie,1098,4,1
2906,one,1098,4,1
2907,dáta,1098,4,2
2908,múr,1098,4,7
2909,zvládať,1097,4,9
2910,toby,1096,4,1
2911,privádzať,1095,4,3
2912,olej,1095,4,4
2913,min,1094,4,1
2914,čurák,1094,4,4
2915,žltý,1094,4,6
2916,šampanské,1092,4,2
2917,spodný,1092,4,6
2918,myslim,1092,4,2
2919,pôjd,1091,4,1
2920,bábätko,1091,4,5
2921,vôňa,1091,4,4
2922,tiger,1090,4,4
2923,ksicht,1090,4,5
2924,postavený,1090,4,5
2925,pevný,1089,4,5
2926,taylor,1088,4,1
2927,minimálny,1088,4,4
2928,ema,1087,4,2
2929,potichu,1086,4,2
2930,lucifer,1086,4,4
2931,cvičiť,1086,4,7
2932,večný,1086,4,7
2933,krátko,1085,4,2
2934,drsný,1085,4,5
2935,bla,1084,4,1
2936,zvlášť,1084,4,1
2937,funkcia,1084,4,5
2938,mitch,1083,4,1
2939,koľkokrát,1083,4,1
2940,moderný,1083,4,8
2941,najmä,1082,4,1
2942,gary,1081,4,1
2943,veta,1081,4,6
2944,nádhera,1080,4,1
2945,tichý,1080,4,6
2946,vrece,1080,4,5
2947,úvaha,1079,4,2
2948,odsúdený,1078,4,6
2949,dispozícia,1077,4,2
2950,tip,1077,4,3
2951,utajený,1077,4,4
2952,predchádzajúci,1077,4,5
2953,junior,1076,4,2
2954,podviesť,1076,4,5
2955,puška,1075,4,6
2956,porno,1074,4,3
2957,oceniť,1074,4,8
2958,zaujať,1074,4,8
2959,blázniť,1074,4,4
2960,spravodlivý,1074,4,7
2961,take,1073,4,1
2962,výročie,1071,4,3
2963,nemec,1071,4,5
2964,spávať,1071,4,8
2965,olivia,1070,4,3
2966,ôsmy,1070,4,7
2967,angeles,1069,4,1
2968,medicína,1069,4,4
2969,produkt,1068,4,5
2970,dylan,1067,4,1
2971,skrátka,1067,4,1
2972,doug,1066,4,1
2973,rozrušený,1066,4,3
2974,rozšíriť,1066,4,7
2975,paľba,1065,4,5
2976,pusa,1064,4,3
2977,parkovisko,1064,4,3
2978,kŕmiť,1064,4,8
2979,tisícka,1063,4,4
2980,alexander,1063,4,3
2981,arthur,1061,4,1
2982,babylon,1061,4,3
2983,pravdepodobný,1061,4,5
2984,šampión,1060,4,5
2985,charlotte,1059,4,1
2986,naveky,1058,4,1
2987,konkrétne,1058,4,2
2988,rozprávka,1058,4,6
2989,tadiaľ,1057,4,1
2990,želanie,1057,4,4
2991,výnimka,1057,4,5
2992,dochádzať,1057,4,4
2993,prosim,1056,4,1
2994,mužský,1056,4,8
2995,skvieť,1055,4,1
2996,hodný,1055,4,5
2997,sezóna,1055,4,4
2998,chces,1055,4,2
2999,vyrobený,1054,4,3
3000,rastlina,1054,4,5
