id,lemma,rank,band,pos,gender,aspect,ipa,gloss_en_current,gloss_en_new,gloss_ro_current,gloss_ro_new,example_sk,example_en,register_flag,cognate_ro,notes,verdict
sk:byť,byť,1,1,VERB,,impf,/bic/,to be,,a fi,,Prečo si sama?,Why are you alone?,,,,
sk:to,to,2,1,PRON,,,,"nominative/accusative neuter singular of ten: it, this, that",,asta; aceasta; o,,Nevystavujte to dažďu!,Don't expose it to the rain.,,,,
sk:sa,sa,3,1,PRON,,,/sa/,accusative of seba,,se; pe sine,,Volám sa Sally.,My name is Sally.,,,,
sk:a,a,4,1,CCONJ,,,/a/,and,,și,,A prečo nie?,And why not?,,,,
sk:ja,ja,5,1,PRON,,,/ja/,I,,eu,,Ja viem niečo!,I know something!,,,,
sk:na,na,6,1,ADP,,,/ˈna/,"on (touching from above); by, with, using (indicates a means or an instrument); at (indicates time); at, because of (indicates reason)",,pe; la,,Poľovali na líšky.,They hunted foxes.,,,,
sk:že,že,7,1,CCONJ,,,/ʒe/,"that (used for connecting clauses, for example with reported speech)",,că,,"Viem, že neklameš.",I know you're not lying.,,,,
sk:mať,mať,8,1,VERB,,impf,/mac/,to have; to be supposed to,,a avea; a trebui (să),,Má dvadsať detí.,He has twenty children.,,,,
sk:čo,čo,9,1,PRON,,,/ˈt͡ʃɔ/,what,,ce,,Čo jedia tigre?,What do tigers eat?,,,,
sk:v,v,10,1,ADP,,,/v/,,,în,,V každom prípade.,Of course.,,,,
sk:ty,ty,11,1,PRON,,,/ti/,you; thou,,tu,,Spravím ťa šťastnou.,I'll make you happy.,,,,
sk:nie,nie,12,1,INTJ,,,/ɲɪ̯e/,no,,nu,,Nie som smädný.,I am not thirsty.,,,,
sk:on,on,13,1,PRON,,,/ɔn/,"he, it (third-person singular pronoun)",,el,,Matka ich opustila.,They were abandoned by their mother.,,,,
sk:ako,ako,14,1,CCONJ,,,/akɔ/,as; like,,cum; ca,,Ako to ide?,How's that going?,,,,
sk:s,s,15,1,ADP,,,/s/,with,,cu,,Pracujú s nami.,They work with us.,,,,
sk:vedieť,vedieť,16,1,VERB,,impf,/veɟɪ̯ec/,"to know; can, be able to",,a ști; a putea (a fi în stare),,Chcem to vedieť?,Do I wanna know?,,,,
sk:môcť,môcť,17,1,VERB,,impf,/mu̯ɔt͡sc/,"may, be allowed to",,a putea; a avea voie,,Môžeš to napísať?,Can you write it down?,,,,
sk:tak,tak,18,1,,,,,,,așa; deci,,Tak sa hovorí.,So they say.,,,,
sk:ale,ale,19,1,,,,,but,,dar; însă,,To je ale prekvapenie!,What a surprise!,,,,
sk:by,by,20,1,PART,,,/bi/,"Used to form the conditional mood: would.; Used as an independent part of some conjunctions, often expressing comparison or concession.",,particulă de condițional: ar,,Mal by si prísť.,You should come over.,,,,
sk:ísť,ísť,21,1,VERB,,impf,/iːsc/,"to walk, to go (to move by taking steps, of people or animals); to go, to travel, to ride (to move using a means of transport); to go (to move to a place with a specific purpose or goal); to go, to move (of objects or phenomena: to be in motion or be transferred)",,a merge; a se duce,,Ako to ide?,How's that going?,,,,
sk:o,o,22,1,ADP,,,/ɔ/,"about, concerning; at (indicates time); against, over, on (indicates the point of contact with another object); by, often translated with a noun accompanied by an indefinite article or a numeral (indicates measure or degree)",,despre; la (oră),,O čom hovoríš?,What are you talking about?,,,,
sk:tu,tu,23,1,,,,,,,aici,,Tu je plán.,Here's the plan.,,,,
sk:môj,môj,24,1,PRON,,,/mu̯ɔj/,"my, mine",,meu; mea,,Nepodceňujte moju moc.,Don't underestimate my power.,,,,
sk:chcieť,chcieť,25,1,VERB,,impf,/xt͡sɪ̯ec/,to want,,a vrea; a dori,,Chce ju pobozkať.,He wants to kiss her.,,,,
sk:do,do,26,1,ADP,,,/ˈdɔ/,"into, in, to, until",,în; până la,,Nejdeme do Bieloruska?,Aren't we going to Belarus?,,,,
sk:ona,ona,27,1,PRON,,,/ɔna/,feminine nominative singular of on (“she”),,ea,,Chce ju pobozkať.,He wants to kiss her.,,,,
sk:vy,vy,28,1,PRON,,,/vi/,you,,voi; dumneavoastră,,Vy ste študovali.,You guys were studying.,,,,
sk:povedať,povedať,29,1,VERB,,pf,/pɔvedac/,to tell,,a spune; a zice,,Nič nemusím povedať.,I don't have to say anything.,,,,
sk:z,z,30,1,ADP,,,/z/,from,,din; de la,,Neodchádzajte z mesta.,Don't leave town.,,,,
sk:tá,tá,31,1,PRON,,,,nominative feminine singular of ten,,aceea; acea,,Nenávidím tie slová.,I hate these words.,,,,
sk:áno,áno,32,1,INTJ,,,/aːnɔ/,yes,,da,,"Áno, som ženatý.","Yes, I am married.",,,,
sk:myslieť,myslieť,33,1,VERB,,impf,/misʎɪ̯ec/,to think,,a gândi; a crede,,"Myslím, teda som.","I think, therefore I am.",,,,
sk:musieť,musieť,34,1,VERB,,impf,/musɪ̯ec/,"must, to have to",,a trebui,,Musím poriadne študovať.,I have to study really hard.,,,,
sk:všetok,všetok,35,1,ADV,,,/ˈfʃɛtɔk/,all,,tot; toată,,Išli ste všetci?,Did you all go?,,,,
sk:len,len,36,1,ADV,,,/len/,"only, just",,doar; numai,,Máme len čaj.,We only have tea.,,,,
sk:dobre,dobre,37,1,ADV,,,/ˈdɔbrɛ/,well; good; thank goodness,,bine,,Dobre. A vy?,Fine. And you?,,,,
sk:už,už,38,1,,,,,,,deja,,Už som skončil.,I've already finished.,,,,
sk:aby,aby,39,1,,,,,,,ca să; pentru ca,,"Chcem, aby prišiel.",I want him to come.,,,,
sk:ktorý,ktorý,40,1,PRON,,,/ktɔriː/,which; which (the one or ones that); which (who; whom; what),,care,,Ktorej časti nerozumieš?,What part don't you understand?,,,,
sk:my,my,41,1,PRON,,,/mi/,we,,noi,,On nás ochraňuje.,He is protecting us.,,,,
sk:keď,keď,42,1,CCONJ,,,/kec/,when; if,,când; dacă,,Zavri dvere keď odídeš.,Close the door when you leave.,,,,
sk:ak,ak,43,1,CCONJ,,,/ak/,if,,dacă,,"Zostanem, ak chceš.",I'll stay if you want.,,,,
sk:toto,toto,44,1,,,,,,,acesta; asta,,Je toto rieka?,Is this a river?,,,,
sk:za,za,45,1,ADP,,,/za/,,,după; pentru; în spatele,,Ďakujem za vysvetlenie.,Thanks for your explanation.,,,,
sk:robiť,robiť,46,1,VERB,,impf,/rɔbic/,"to make (to create from a certain material); to do (to do an activity); to work, to be employed; to make (to make someone have a certain quality)",,a face; a lucra,,Prečo to robíš?,Why are you doing this?,,,,
sk:niečo,niečo,47,1,PRON,,,/ɲɪ̯et͡ʃɔ/,something,,ceva,,Ja viem niečo!,I know something!,,,,
sk:tvoj,tvoj,48,1,PRON,,,/tvɔj/,"your, yours; thy, thine",,tău; ta,,Som tvoja minulosť.,I am your past.,,,,
sk:pre,pre,49,1,ADP,,,/pre/,"for, for the sake of; for, because of, due to",,pentru,,Nepracujem pre nich.,I'm not working for them.,,,,
sk:tam,tam,50,1,ADV,,,/tam/,there; thither,,acolo,,Sadnite si tam.,Sit there.,,,,
sk:prečo,prečo,51,1,ADV,,,/pret͡ʃɔ/,why,,de ce,,Prečo si sama?,Why are you alone?,,,,
sk:vidieť,vidieť,52,1,VERB,,impf,/viɟɪ̯ec/,to see,,a vedea,,Rád ťa vidím!,Nice seeing you!,,,,
sk:no,no,53,1,,,,,well…; so (discourse particle),,ei bine; păi,,No dobre. Pokračujte.,"Well, OK. Continue.",,,,
sk:svoj,svoj,54,1,PRON,,,/ˈsvɔj/,one's own,,al său (propriu),,Zopakuj svoje meno!,Repeat your name!,,,,
sk:teraz,teraz,55,1,ADV,,,/teras/,now,,acum,,Teraz môžeš ísť.,You may go now.,,,,
sk:hovoriť,hovoriť,56,1,VERB,,impf,/ɦɔvɔric/,"to talk, to speak",,a vorbi; a spune,,Hovoríš po nemecky?,Do you speak German?,,,,
sk:aj,aj,57,1,ADV,,,/aj/,"also; even (implying an extreme example, used at the beginning of sentences)",,și; chiar și,,Aj ja prídem.,"I'll come, too.",,,,
sk:hej,hej,58,1,INTJ,,,/ˈɦɛj/,"yeah, yep; hey (exclamation)",,da (colocvial); hei,,"Hej, je to pravda.","Oh yeah, it's true.",,,,
sk:dať,dať,59,1,VERB,,pf,/dac/,"to give, put; to be possible",,a da; a pune,,Dajte sa dokopy.,Team up.,,,,
sk:jeden,jeden,60,1,NUM,,,/jeden/,"one; used in the connections jeden-dva, jeden či dva to express an approximate or small number: one or two; solid, single (forming a complete whole or made of a single piece); certain, some (referring to a person or thing known to the speaker but unnamed)",,unu; un,,Jednej veci nerozumiem.,There is one thing I don't understand.,,,,
sk:urobiť,urobiť,61,1,VERB,,pf,/urɔbic/,"to make (to create from a certain material); to do (to do an activity); to make (to make someone have a certain quality); to make, to cause (to cause someone have a certain emotion, state)",,a face (perfectiv),,Urobil som objav.,I've made a discovery.,,,,
sk:ten,ten,62,1,PRON,,,/ten/,the; this; that,,acela; acel,,Uvidíš ten rozdiel.,You will see the difference.,,,,
sk:kto,kto,63,1,PRON,,,/kto̞/,who?,,cine,,Kto je ďalší?,Who is next?,,,,
sk:pán,pán,64,1,NOUN,masc,,/ˈpaːn/,lord; mister; sir; ruler,,domn; stăpân,,Pán Smith si upratuje izbu.,Mr. Smith is cleaning his room.,,,,
sk:k,k,65,1,ADP,,,/k/,,,către; la,,Blahoželám k víťazstvu!,Congratulations on your victory!,,,,
sk:človek,človek,66,1,NOUN,masc,,/t͡ʃlɔvek/,"person, man (i.e., a human being regardless of gender)",,om,,Ženy sú ľudia.,Women are people.,,,,
sk:veľa,veľa,67,1,ADV,,,/veʎa/,"much, many",,mult; mulți,,Veľa jej klamal.,He told her many lies.,,,,
sk:dobrý,dobrý,68,1,ADJ,,,/dɔbriː/,good,,bun,,Máš dobrú pamäť.,You have a good memory.,,,,
sk:nič,nič,69,1,PRON,,,/ɲit͡ʃ/,nothing,,nimic,,Nekupuj mi nič!,Don't buy me anything!,,,,
sk:takže,takže,70,1,CCONJ,,,/taɡʒe/,"therefore, so",,așadar; deci,,,,,,,
sk:prísť,prísť,71,1,VERB,,pf,/priːsc/,"to arrive, to come (of people or animals: to reach a place on foot or by vehicle); to come (to arrive with a specific intention, goal, or to get something); to arrive (of transport: to reach a destination or station); to arrive, to come (of mail, news, or goods: to be delivered or announced)",,a veni; a sosi,,Prídete na návštevu?,Are you going to come visit me?,,,,
sk:táto,táto,72,1,,,,,,,aceasta; asta,,Potrebuješ túto knihu?,Do you need this book?,,,,
sk:váš,váš,73,1,PRON,,,/vaːʃ/,"your, yours",,al vostru; dumneavoastră,,Som váš dlžník.,I am in your debt.,,,,
sk:kde,kde,74,1,ADV,,,/ˈɡɟɛ/,where?,,unde,,Kde je jedáleň?,Where is the dining room?,,,,
sk:dostať,dostať,75,1,VERB,,pf,/dɔstac/,"to get, to receive (to accept something given, provided, or sent); to acquire, to get (to obtain as a result of a natural process, development, or change); to catch, to be affected, to suffer (to be struck by something unpleasant like a disease, injury, or technical failure); to receive, to be punished (to be struck by a blow or penalty as a consequence)",,a primi; a obține,,Tom nedostal odpoveď.,Tom didn't get a reply.,,,,
sk:po,po,76,1,PART,,,/pɔ/,"expresses a distribution, spread in layout; introduces an adverbial phrase of a manner",,după; de-a lungul; câte,,Hovoríš po nemecky?,Do you speak German?,,,,
sk:ešte,ešte,77,1,ADV,,,/eʃce/,again; still; yet,,încă,,Grace ešte neprišla.,Grace has not come yet.,,,,
sk:pozrieť,pozrieť,78,1,,,,,,,a se uita; a privi (perfectiv),,Pozri sa dozadu!,Look backward!,,,,
sk:potrebovať,potrebovať,79,1,VERB,,impf,/pɔtrebɔvac/,to need,,a avea nevoie (de),,Tom potrebuje prácu.,Tom needs a job.,,,,
sk:alebo,alebo,80,1,CCONJ,,,/aʎebɔ/,or,,sau,,Ber alebo nechaj tak.,"Take it, or leave it.",,,,
sk:náš,náš,81,1,PRON,,,/naːʃ/,"our, ours",,al nostru,,Vidí naše ovocie.,He sees our fruit.,,,,
sk:jeho,jeho,82,1,PRON,,,/jeɦɔ/,"his, its",,al lui; său,,Sme jeho deti.,We are his children.,,,,
sk:nájsť,nájsť,83,1,VERB,,pf,/naːjsc/,"to find, to discover, to locate (to discover someone or something by searching or by chance); to uncover, to detect, to reveal (to find through investigation, research, or analysis); to find (for oneself), to procure, to secure (to obtain something through effort or planning, often for one's benefit); to find (a partner), to meet (to establish a relationship or get to know someone)",,a găsi,,Tom našiel lyžicu.,Tom found a spoon.,,,,
sk:vec,vec,84,1,NOUN,fem,,/vet͡s/,thing; business (something involving one personally),,lucru; chestiune,,Jednej veci nerozumiem.,There is one thing I don't understand.,,,,
sk:poriadok,poriadok,85,1,NOUN,masc,,/pɔrɪ̯adɔk/,order; procedure,,ordine; regulă,,Budú v poriadku.,They'll be fine.,,,,
sk:od,od,86,1,ADP,,,/ˈɔd/,from; since; of,,de la; din,,Od utorka prší.,It has been raining since Tuesday.,,,,
sk:niekto,niekto,87,1,PRON,,,/ˈɲi̯ɛktɔ/,"someone, somebody",,cineva,,Chýba dnes niekto?,Is anyone absent today?,,,,
sk:prosiť,prosiť,88,1,,,,,,,a ruga; a cere,,"Prosím, zadržte dych.","Hold your breath, please.",,,,
sk:veľmi,veľmi,89,1,ADV,,,/veʎmi/,very,,foarte,,Je veľmi citlivý.,He is very sensitive.,,,,
sk:taký,taký,90,1,PRON,,,/takiː/,such; so,,astfel de; așa,,Nič takého neurobím.,I'll do nothing of the kind.,,,,
sk:potom,potom,91,1,,,,,,,apoi; după aceea,,Potom ti zavolám.,I'll call you later.,,,,
sk:nikdy,nikdy,92,1,,,,,,,niciodată,,Toto nikdy neskončí.,This is never going to end.,,,,
sk:možno,možno,93,1,ADV,,,/mɔʒnɔ/,"perhaps, maybe",,poate,,Možno ma spoznajú.,Maybe they'll recognize me.,,,,
sk:ani,ani,94,1,CCONJ,,,/aɲi/,neither; nor; even (with negative clause),,nici,,Nepijem ani nefajčím.,I neither drink nor smoke.,,,,
sk:nejaký,nejaký,95,1,,,,,,,vreun; un oarecare,,Máte nejaké otázky?,Do you have any questions?,,,,
sk:rok,rok,96,1,NOUN,masc,,/rɔk/,year,,an,,Šťastný nový rok!,Happy New Year!,,,,
sk:čas,čas,97,1,NOUN,masc,,/t͡ʃas/,time; time (particular occasion); tense,,timp; vreme,,Nemáme čas váhať.,We don't have time to hesitate.,,ceas,,
sk:aký,aký,98,1,PRON,,,/ˈakiː/,what (what kind of),,ce fel de; cum,,Akú knihu čítate?,What book are you reading?,,,,
sk:ďakovať,ďakovať,99,1,VERB,,impf,/ɟakɔvac/,to thank (to express gratitude),,a mulțumi,,Ďakujem za vysvetlenie.,Thanks for your explanation.,,,,
sk:deň,deň,100,1,NOUN,masc,,/ɟeɲ/,day,,zi,,Každý deň behávame.,We run every day.,,,,
sk:nechať,nechať,101,1,,,,,,,a lăsa,,Nechajte zapnuté svetlá.,Keep the lights on.,,,,
sk:stať,stať,102,1,VERB,,pf,/stac/,"to become (to acquire new properties or transition into a new state, profession, or status); to happen, to occur, to befall (to take place, especially regarding accidents or unexpected events); to take place (to occur as a result of a process or a specific wish); to arise, to set in, to emerge (to start to exist or happen, such as a state or condition)",,a deveni; a se întâmpla,,To sa nestane.,That won't happen.,,,,
sk:rád,rád,103,1,ADJ,,,/raːt/,glad,,bucuros; cu plăcere,,Nemám rád Facebook.,I don't like Facebook.,,,,
sk:žiaden,žiaden,104,1,PRON,,,/ʒɪ̯aden/,"none; no (not any); no (no proper, no true)",,niciun; nicio,,Nemáme žiadny dôkaz.,We don't have any proof.,,,,
sk:dva,dva,105,1,NUM,,,/dva/,two,,doi; două,,Máme dvoch synov.,We have two sons.,,,,
sk:otec,otec,106,1,NOUN,masc,,/ɔcet͡s/,father,,tată,,Otec miluje matku.,My father loves my mother.,,,,
sk:život,život,107,1,NOUN,masc,,/ʒivɔt/,life,,viață,,Život je nepredvídateľný.,Life is unpredictable.,,,,
sk:boh,boh,108,1,NOUN,masc,,/bɔx/,god,,Dumnezeu; zeu,,Boh žehná Tatoeba!,God bless Tatoeba!,,,,
sk:naozaj,naozaj,109,1,ADV,,,/ˈnaɔzaj/,really,,într-adevăr; chiar,,Naozaj ti nezávidím.,I really don't envy you.,,,,
sk:stále,stále,110,1,ADV,,,/staːʎe/,"always, all the time; still (up to the time, no less than before)",,mereu; încă,,Stále sme zaneprázdnení.,We're always busy.,,,,
sk:počuť,počuť,111,1,VERB,,both,/pɔt͡ʃuc/,to hear; to find out,,a auzi,,Takmer ho nepočujem.,I can hardly hear him.,,,,
sk:chodiť,chodiť,112,1,VERB,,impf,/xɔɟic/,to go (repeatedly); to walk,,a umbla; a merge (repetat),,Chodí do školy?,Does he go to school?,,,,
sk:pretože,pretože,113,1,CCONJ,,,/ˈprɛtɔʒɛ/,because,,pentru că; fiindcă,,"Zostali doma, pretože pršalo.","They stayed at home, because it rained.",,,,
sk:prepáčiť,prepáčiť,114,1,VERB,,pf,/prepaːt͡ʃic/,"to excuse, to forgive",,a ierta; a scuza,,"Prepáčte, zabudol som.","Sorry, I forgot.",,,,
sk:celý,celý,115,1,ADJ,,,/t͡seliː/,whole,,întreg; tot,,Preplakala celú noc.,She kept crying all night.,,,,
sk:veľký,veľký,116,1,ADJ,,,/veʎkiː/,big,,mare,,Rusko je veľké.,Russia is big.,,,,
sk:zabiť,zabiť,117,1,VERB,,pf,/zabic/,"to kill, to murder, to slay (to deprive a person of life violently or by accident); to slaughter, to kill (to kill an animal or insect by any means); to break, to smash (to break objects like glass, plates, or eggs); to kill, to waste (to spend time uselessly or to suppress feelings and boredom)",,a ucide; a omorî,,Zvedavosť zabila mačku.,Curiosity killed the cat.,,,,
sk:každý,každý,118,1,PRON,,,/kaʒdiː/,"each, every; every man, everyone",,fiecare,,V každom prípade.,Of course.,,,,
sk:pred,pred,119,1,,,,,,,înainte de; în fața,,Utekajú pred zákonom.,They're running away from the law.,,,,
sk:ahoj,ahoj,120,1,INTJ,,,/aˈɦɔj/,"hello, hi; bye",,salut; pa,,Ahoj! Počuješ ma?,Hello! Can you hear me?,,,,
sk:pomôcť,pomôcť,121,1,VERB,,pf,/pɔmu̯ɔt͡sc/,to help,,a ajuta,,Môžem vám pomôcť?,Can I help you?,,,,
sk:vrátiť,vrátiť,122,1,VERB,,pf,/ˈvraːcic/,to return,,a returna; a se întoarce,,Čoskoro sa vrátim.,I will be back soon.,,,,
sk:pravda,pravda,123,1,NOUN,fem,,/pravda/,truth,,adevăr,,Mária mala pravdu.,Mary was right.,,,,
sk:dieťa,dieťa,124,1,NOUN,neut,,/ɟɪ̯eca/,child,,copil,,Sme jeho deti.,We are his children.,,,,
sk:iný,iný,125,1,ADJ,,,/ˈiniː/,other,,alt; diferit,,Tom bol iný.,Tom was different.,,,,
sk:vyzerať,vyzerať,126,1,VERB,,impf,/vizerac/,to look (to have an appearance); to seem,,a arăta (a avea aspectul); a părea,,Vyzeráš veľmi unavene.,You look very tired.,,,,
sk:práca,práca,127,1,NOUN,fem,,/praːt͡sa/,work,,muncă; lucru,,Tom potrebuje prácu.,Tom needs a job.,,,,
sk:počkať,počkať,128,1,,,,,,,a aștepta,,"Prosím, počkajte tu.",Please wait here.,,,,
sk:sem,sem,129,1,,,,,,,încoace; aici,,Vráť sa sem.,Come back here.,,,,
sk:dnes,dnes,130,1,ADV,,,/dɲɛs/,today,,azi; astăzi,,Dnes som plakal.,I cried today.,,,,
sk:žena,žena,131,1,NOUN,fem,,/ʒena/,woman; wife,,femeie; soție,,Ženy sú ľudia.,Women are people.,,,,
sk:nikto,nikto,132,1,PRON,,,/ɲiktɔ/,"no one, nobody",,nimeni,,Nevpúšťaj nikoho dnu!,Don't let anybody in.,,,,
sk:práve,práve,133,1,ADV,,,/praːve/,right now; exactly,,tocmai; chiar acum,,Práve sa učí?,Is he studying now?,,,,
sk:spraviť,spraviť,134,1,VERB,,pf,/spravic/,to do,,a face (perfectiv),,Spravím ťa šťastnou.,I'll make you happy.,,,,
sk:volať,volať,135,1,VERB,,impf,/vɔlac/,"to call; to call, to telephone",,a chema; a suna,,Volám sa Sally.,My name is Sally.,,,,
sk:istý,istý,136,1,ADJ,,,/ˈistiː/,"certain, sure; certain (having been determined but unspecified)",,sigur; anumit,,Ste si istý?,Are you sure?,,,,
sk:mama,mama,137,1,NOUN,fem,,/mama/,mama,,mamă,,Moja mama spí.,My mom is sleeping.,,,,
sk:miesto,miesto,138,1,NOUN,neut,,/ˈmi̯ɛstɔ/,location; place,,loc,,Mám zajednané miesto.,I have a reservation.,,,,
sk:seba,seba,139,1,PRON,,,/seba/,oneself,,pe sine,,Poznaj sám seba.,Know thyself.,,,,
sk:tento,tento,140,1,PRON,,,/tentɔ/,this (nearby),,acesta,,Tento stroj nejde.,This machine does not work.,,,,
sk:muž,muž,141,1,NOUN,masc,,/muʃ/,man (an adult male human); husband,,bărbat; soț,,Pes pohrýzol muža.,The dog bit the man.,,,,
sk:veriť,veriť,142,1,,,,,,,a crede,,"„Ver mi,“ povedal.","""Trust me,"" he said.",,,,
sk:skoro,skoro,143,1,ADV,,,/skɔrɔ/,"soon, shortly; almost, nearly",,curând; aproape,,Vráť sa skoro.,Come back soon.,,,,
sk:či,či,144,1,CCONJ,,,/ˈt͡ʃi/,"if, whether",,dacă; sau,,"Neviem, či mám čas.",I don't know if I have the time.,,,,
sk:poznať,poznať,145,1,VERB,,impf,/pɔznac/,to know,,a cunoaște,,Ona ma nepozná.,She doesn't know me.,,,,
sk:začať,začať,146,1,VERB,,pf,/zat͡ʃac/,"to start, to begin",,a începe,,"Prosím, ihneď začnite.",Please begin immediately.,,,,
sk:problém,problém,147,1,NOUN,masc,,/prɔbleːm/,problem,,problemă,,To nie je môj problém.,Not my problem.,,,,
sk:asi,asi,148,1,ADV,,,,"I guess, I think",,probabil; cam,,Asi som sa stratil.,I am probably lost.,,,,
sk:keby,keby,149,1,,,,,,,dacă (ireal),,Keby som len vedel!,If only I knew!,,,,
sk:vždy,vždy,150,1,,,,,,,întotdeauna,,Vždy sa sťažujú.,They always complain.,,,,
sk:vziať,vziať,151,1,VERB,,pf,/vzɪ̯ac/,to take,,a lua,,Vezmi si kabát.,Get your coat.,,,,
sk:tiež,tiež,152,1,ADV,,,/ˈci̯ɛʃ/,"also, too",,de asemenea; și,,Tom tiež stál.,"Tom stood, too.",,,,
sk:sám,sám,153,1,,,,,,,singur; însuși,,Prečo si sama?,Why are you alone?,,,,
sk:trochu,trochu,154,1,,,,,,,puțin,,Pridajte trochu mlieka.,Add a little milk.,,,,
sk:cítiť,cítiť,155,1,,,,,,,a simți,,Cítim sa požehnaným.,I feel blessed.,,,,
sk:pri,pri,156,1,ADP,,,/pri/,,,lângă; la,,Tom žije pri jazere.,Tom lives by the lake.,,,,
sk:priateľ,priateľ,157,1,NOUN,masc,,/prɪ̯aceʎ/,friend; supporter; boyfriend,,prieten; iubit,,Si môj priateľ.,You are my friend.,,prieten,,
sk:bez,bez,158,1,ADP,,,/ˈbɛs/,without,,fără,,Bez pýtania sa!,No question!,,,,
sk:prvý,prvý,159,1,ADJ,,,/pr̩viː/,first,,primul,,Získal prvú cenu.,He took the first prize.,,,,
sk:iba,iba,160,1,CCONJ,,,/ˈiba/,only,,doar; numai,,Iba to hovorím!,I'm just saying!,,,,
sk:cesta,cesta,161,1,NOUN,fem,,/t͡sesta/,road; way,,drum; cale; călătorie,,Nestoj v ceste.,Stop standing in the way.,,,,
sk:jasný,jasný,162,1,,,,,,,clar; limpede,,To je jasné.,Of course.,,,,
sk:noc,noc,163,1,NOUN,fem,,/nɔt͡s/,"night, nighttime",,noapte,,Preplakala celú noc.,She kept crying all night.,,,,
sk:nový,nový,164,1,ADJ,,,/nɔviː/,"Recently coming into existence or belonging to the current time.; new (recently created, built, invented, or coming into existence); Recently coming into existence or belonging to the current time.; fresh (recently grown or newly emerged)",,nou,,Šťastný nový rok!,Happy New Year!,,,,
sk:prestať,prestať,165,1,VERB,,pf,/prestac/,"to stop, to cease, to quit, to discontinue (to interrupt, stop, or finish an activity or state); to end, to stop, to cease, to vanish (of events, states, or phenomena: to reach completion or cease to exist)",,a înceta; a se opri,,Bábätko prestalo plakať.,The baby stopped crying.,,,,
sk:ďalší,ďalší,166,1,ADJ,,,/ɟalʃiː/,next; further,,următorul; alt,,Kto je ďalší?,Who is next?,,,,
sk:dokázať,dokázať,167,1,VERB,,pf,/dɔkaːzac/,to prove,,a dovedi; a reuși,,Ty to dokážeš.,You can do it.,,,,
sk:odísť,odísť,168,1,VERB,,pf,/ɔdiːsc/,"leave, depart (to leave a place on foot or by vehicle; to move away); depart, pull out (of vehicles; to leave a station or stop, usually according to a schedule); leave for, move (to leave or change one's workplace or location for a new one); quit, resign, retire (to stop performing an activity or being active in a specific field)",,a pleca,,Dnes večer odídem.,I'll leave tonight.,,,,
sk:snažiť,snažiť,169,1,,,,,,,a se strădui; a încerca,,Snažím sa neplakať.,I'm trying not to cry.,,,,
sk:ok,ok,170,1,,,,,,,ok; bine,,,,,,,
sk:ký,ký,171,1,,,,,,,care (arhaic),,"Kým dýcham, dúfam.","While I breathe, I hope.",,,,
sk:až,až,172,1,,,,,,,până; abia; chiar,,Vrátim sa až budúci týždeň.,I won't be back until next week.,,,,
sk:diať,diať,173,1,,,,,,,a se întâmpla,,Deje sa niečo zvláštne.,Something strange is happening.,,,,
sk:presne,presne,174,1,,,,,,,exact,,Vlak vyrazil presne načas.,The train pulled out exactly on time.,,,,
sk:vážne,vážne,175,1,,,,,,,serios,,Vážne? Kedy odišiel?,"Oh, really? When did he leave?",,,,
sk:chlapec,chlapec,176,1,NOUN,masc,,/xlapet͡s/,boy,,băiat,,Chlapec kupuje psa.,The boy buys a dog.,,,,
sk:dosť,dosť,177,1,ADV,,,/dɔsc/,"enough; pretty, rather",,destul; suficient,,Mám toho dosť.,I've had enough.,,,,
sk:zavolať,zavolať,178,1,,,,,,,a chema; a suna (perfectiv),,Rýchlo zavolajte lekára!,Call a doctor quickly!,,,,
sk:svet,svet,179,1,NOUN,masc,,/svet/,"the world; the cosmos, the universe, all there is; our own planet, the Earth, the globe; foreign lands",,lume,,Boh stvoril svet.,God created the world.,,,,
sk:malý,malý,180,1,ADJ,,,/maliː/,"little, small",,mic,,Ona má malé nohy.,She has small feet.,,,,
sk:pracovať,pracovať,181,1,VERB,,impf,/prat͡sɔvac/,to work,,a munci; a lucra,,Pracujú s nami.,They work with us.,,,,
sk:preto,preto,182,1,ADV,,,/pretɔ/,"therefore, hence",,de aceea,,Preto sa nahneval.,That is why he got angry.,,,,
sk:späť,späť,183,1,ADV,,,/spæc/,back,,înapoi,,Čochvíľa som späť.,I'll be back soon.,,,,
sk:dom,dom,184,1,NOUN,masc,,/dɔm/,house,,casă,,Postavil si dom.,He built himself a house.,,,,
sk:domov,domov,185,1,NOUN,masc,,/dɔmɔv/,home,,acasă; cămin,,"Domov, sladký domov.",Home sweet home.,,,,
sk:lepší,lepší,186,1,ADJ,,,/ʎepʃiː/,"better, comparative degree of dobrý",,mai bun,,Čo je lepšie?,What's better?,,,,
sk:ruka,ruka,187,1,NOUN,fem,,/ruka/,"hand, arm (the upper limb of a human, or specifically the part from the wrist down); handwriting, hand (the characteristic features of someone's writing style); person, hand, agent (symbolizes a person who performs an action or provides labor); hand, arm, lever (an object resembling a hand, such as a prosthetic or a mechanical part)",,mână; braț,,Máš čisté ruky?,Are your hands clean?,,,,
sk:milovať,milovať,188,1,VERB,,impf,/milɔvac/,to love; to make love,,a iubi,,Milujem Evelinu Sašenko.,I love Evelina Sašenko.,,,,
sk:zostať,zostať,189,1,VERB,,pf,/zɔstac/,"synonym of ostať (“to stay, to remain, to persist, to be left”)",,a rămâne,,Koľko zostalo masla?,How much butter is left?,,,,
sk:dievča,dievča,190,1,NOUN,neut,,/ɟɪ̯evt͡ʃa/,girl (female child),,fată,,Poznáš toto dievča?,Do you know this girl?,,,,
sk:vďaka,vďaka,191,1,NOUN,fem,,/vɟaka/,gratefulness,,mulțumiri; datorită,,"Vďaka, si úžasný!","Thanks, you're fantastic!",,,,
sk:zomrieť,zomrieť,192,1,VERB,,pf,/zɔmrɪ̯ec/,to die (to cease to live),,a muri,,Tom pravdepodobne zomrel.,Tom probably died.,,,,
sk:počúvať,počúvať,193,1,VERB,,impf,/pɔt͡ʃuːvac/,to listen; to hear (to receive information),,a asculta,,Počúvame keltskú hudbu.,We're listening to Celtic music.,,,,
sk:páčiť,páčiť,194,1,,,,,,,a plăcea (mi se pare frumos),,Nech sa páči.,Here you go.,,,,
sk:však,však,195,1,,,,,,,totuși; nu-i așa?,,"Krásna je, však?","She's beautiful, isn't she?",,,,
sk:večer,večer,196,1,NOUN,masc,,/vet͡ʃer/,evening,,seară,,Dnes večer odídem.,I'll leave tonight.,,vecernie,,
sk:znamenať,znamenať,197,1,VERB,,impf,/znamenac/,to mean,,a însemna,,Čo toto znamená?,What does this mean?,,,,
sk:kvôli,kvôli,198,1,ADP,,,/kvu̯ɔʎi/,"for, for the sake of; for, because of, due to",,din cauza; de dragul,,Nemôžeme spať kvôli hluku.,We can't sleep because of the noise.,,,,
sk:lebo,lebo,199,1,CCONJ,,,/ʎebɔ/,"as, since, because",,pentru că; fiindcă,,"Rýchlo, lebo zmeškáš vlak.","Hurry, or you'll miss the train.",,,,
sk:chlap,chlap,200,1,NOUN,masc,,/xlap/,man (male human),,bărbat; tip,,Vidím piatich chlapov.,I see five men.,,,,
sk:čakať,čakať,201,1,VERB,,impf,/t͡ʃakac/,to wait,,a aștepta,,Môžem iba čakať.,I can only wait.,,,,
sk:teda,teda,202,1,CCONJ,,,/teda/,"thus, so; which means, I mean",,deci; adică,,"Myslím, teda som.","I think, therefore I am.",,,,
sk:žiť,žiť,203,1,VERB,,impf,/ʒic/,to live,,a trăi,,Žijete v Libanone?,Do you live in Lebanon?,,,,
sk:peniaze,peniaze,204,1,NOUN,,,/peɲɪ̯aze/,money,,bani,,Nemám žiadne peniaze.,I don't have any money.,,,,
sk:pár,pár,205,1,,,,,,,câțiva; o pereche,,Urobil som pár zmien.,I made a few changes.,,,,
sk:nech,nech,206,1,,,,,,,să (lasă să),,Nech žije Bielorusko!,Long live the Belarus!,,,,
sk:druhý,druhý,207,1,ADJ,,,/druɦiː/,second; other; another,,al doilea; celălalt,,Obdivujú jeden druhého.,They admire each other.,,,,
sk:hneď,hneď,208,1,,,,,,,imediat,,Hneď sa vrátim.,I'll be back right away.,,,,
sk:starý,starý,209,1,ADJ,,,/stariː/,old,,bătrân; vechi,,Starý pes štekal.,The old dog barked.,,,,
sk:hodina,hodina,210,1,NOUN,fem,,/ɦɔɟina/,hour,,oră; ceas (durată),,Mešká dve hodiny.,He's two hours late.,,,,
sk:posledný,posledný,211,1,ADJ,,,/pɔsʎedniː/,last,,ultimul,,Dojedla ako posledná.,She was the last person to finish eating.,,,,
sk:než,než,212,1,,,,,,,decât; înainte să,,Je mladšia než ja.,She is younger than me.,,,,
sk:kedy,kedy,213,1,ADV,,,/kedi/,when,,când,,Kedy si jedol?,When did you eat?,,,,
sk:jediný,jediný,214,1,ADJ,,,/ˈjeɟɪˌniː/,"only, sole",,singurul; unic,,Nemám jediného nepriateľa.,I don't have a single enemy.,,,,
sk:pôjsť,pôjsť,215,1,VERB,,pf,/pu̯ɔjsc/,"to originate, to arise, to spring from (to have a beginning or cause in something); to leave, to depart, to go away (to move away from a place); to die, to perish, to vanish (of people or animals: to pass away; of property: to be lost); to step, to approach, to walk a bit (to take a few steps toward someone or something)",,a proveni; a izvorî,,Pôjdete do školy.,You will go to school.,,,,
sk:tri,tri,216,1,NUM,,,/tri/,three,,trei,,Tri lyžice chýbajú.,Three spoons are missing.,,,,
sk:držať,držať,217,1,VERB,,impf,/dr̩ʒac/,to hold (to grasp),,a ține,,Držte mi palce!,Wish me luck.,,,,
sk:uvidieť,uvidieť,218,1,,,,,,,a vedea (perfectiv); om vedea,,Uvidíš ten rozdiel.,You will see the difference.,,,,
sk:rodina,rodina,219,1,NOUN,fem,,/rɔɟina/,family,,familie,,Tom má rodinu.,Tom has a family.,,,,
sk:rozumieť,rozumieť,220,1,VERB,,impf,/rɔzumɪ̯ec/,to understand,,a înțelege,,Nerozumiem tomu slovu.,I don't understand this word.,,,,
sk:auto,auto,221,1,NOUN,neut,,/ˈau̯tɔ/,car,,mașină,,Auto bolo opustené.,The car was abandoned.,,,,
sk:ukázať,ukázať,222,1,VERB,,pf,/ukaːzac/,"to point, to point out; to show; to demonstrate; to prove, to turn out, to manifest",,a arăta,,Ukáž mi to.,Show it to me.,,,,
sk:báť,báť,223,1,VERB,,impf,/baːc/,"to be afraid (to experience the feeling of fear); to fear (to be afraid of someone or something); to be worried, to worry; to be afraid (of doing something)",,a se teme,,Nebojím sa ich.,I don't fear them.,,,,
sk:stretnúť,stretnúť,224,1,VERB,,pf,/stretnuːc/,to meet; to meet,,a întâlni,,Práve som ho stretol.,I just met him.,,,,
sk:skvelý,skvelý,225,1,,,,,,,grozav; excelent,,Je v skvelej forme.,He is in perfect shape.,,,,
sk:meno,meno,226,1,NOUN,neut,,/menɔ/,name; noun (broad sense),,nume,,"Tvoje meno, prosím.","Your name, please.",,,,
sk:dlho,dlho,227,1,,,,,,,mult timp,,Ako dlho zostaneš?,How long are you going to stay?,,,,
sk:samozrejme,samozrejme,228,1,,,,,,,desigur; bineînțeles,,"Samozrejme, že pôjdem.",Of course I'll go.,,,,
sk:raz,raz,229,1,ADV,,,/ras/,once,,o dată; cândva,,"Ešte raz, prosím.","Once more, please.",,,,
sk:zobrať,zobrať,230,1,,,,,,,a lua (perfectiv),,Zober túto krabicu.,Take this box.,,,,
sk:hlava,hlava,231,1,NOUN,fem,,/ɦlava/,head; chapter,,cap; capitol,,Stále vás bolí hlava?,Does your head still hurt?,,,,
sk:takto,takto,232,1,,,,,,,așa; în felul acesta,,Takto to bolo vždy.,This is always the way it has been.,,,,
sk:mŕtvy,mŕtvy,233,1,ADJ,,,/mr̩ːtvi/,dead; lifeless,,mort,,Tom nie je mŕtvy.,Tom is not dead.,,,,
sk:skončiť,skončiť,234,1,,,,,,,a termina; a se sfârși,,Už som skončil.,I've already finished.,,,,
sk:preč,preč,235,1,ADV,,,/ˈprɛt͡ʃ/,away; gone,,plecat; departe,,Vezmi tú krabicu preč!,Take that box away!,,,,
sk:pekný,pekný,236,1,ADJ,,,/pekniː/,nice; pretty,,frumos; drăguț,,Budova je pekná.,The building is nice.,,,,
sk:chápať,chápať,237,1,,,,,,,a înțelege; a pricepe,,"Chápem, čo myslíte.",I see your point.,,,,
sk:spolu,spolu,238,1,,,,,,,împreună,,Odišli ste spolu?,Did you leave together?,,,,
sk:zabudnúť,zabudnúť,239,1,VERB,,pf,/zabudnuːc/,to forget,,a uita,,"Prepáčte, zabudol som.","Sorry, I forgot.",,,,
sk:vlastne,vlastne,240,1,,,,,,,de fapt,,Čo sa vlastne snažíš dokázať?,What exactly are you trying to prove?,,,,
sk:prípad,prípad,241,1,NOUN,masc,,/priːpat/,case,,caz,,V každom prípade.,Of course.,,,,
sk:dáma,dáma,242,1,NOUN,fem,,/daːma/,lady; queen; queen,,doamnă; damă,,Dám ti knihu.,I'll give you a book.,,,,
sk:vravieť,vravieť,243,1,VERB,,impf,/ˈvravi̯ɛc/,"to tell, to say",,a zice; a spune,,To ste už vraveli.,You said that already.,,,,
sk:kurva,kurva,244,1,NOUN,fem,,/kurva/,"prostitute, whore, hooker, slut; fake friend, conman, liar, knave",,curvă (vulgar); la naiba (interjecție vulgară),,,,vulgar,,,
sk:dávať,dávať,245,1,VERB,,impf,/daːvac/,to give,,a da (imperfectiv),,To dáva zmysel.,It makes sense.,,,,
sk:zistiť,zistiť,246,1,,,,,,,a afla; a constata,,Zistil si niečo?,Have you found something out?,,,,
sk:vôbec,vôbec,247,1,,,,,,,deloc; în general,,Vôbec nerozumiem francúzsky.,I don't understand French at all.,,,,
sk:hľadať,hľadať,248,1,VERB,,impf,/ɦʎadac/,"to search, to look for",,a căuta,,Hľadám svojich kamarátov.,I am looking for my friends.,,,,
sk:matka,matka,249,1,NOUN,fem,,/matka/,mother,,mamă,,Matka ich opustila.,They were abandoned by their mother.,,,,
sk:zbraň,zbraň,250,1,,,,,,,armă,,Zbraň sme nenašli.,We didn't find a weapon.,,,,
sk:ráno,ráno,251,1,,,,,,,dimineață; dimineața,,Pršalo celé ráno.,It's been raining all morning.,,,,
sk:chvíľa,chvíľa,252,1,NOUN,fem,,/xviːʎa/,while,,clipă; moment,,"Prosím, chvíľu tu počkajte.",Please wait here for a while.,,,,
sk:poslať,poslať,253,1,,,,,,,a trimite,,Kto poslal kvety?,Who sent the flowers?,,,,
sk:kam,kam,254,1,,,,,,,încotro; unde (cu mișcare),,"Kam ideš, oci?","Where are you going, Dad?",,,,
sk:mesto,mesto,255,1,NOUN,neut,,/mestɔ/,city; town,,oraș,,Žijem v meste.,I'm living in the city.,,,,
sk:niekedy,niekedy,256,1,,,,,,,câteodată; cândva,,Odpustíte mi niekedy?,Will you ever forgive me?,,,,
sk:pamätať,pamätať,257,1,VERB,,impf,/pamætac/,to remember,,a ține minte; a-și aminti,,Pamätám si to.,I remember that.,,,,
sk:hrať,hrať,258,1,VERB,,impf,/ɦrac/,to play,,a juca; a cânta (la instrument),,Nechcem hrať hry.,I don't want to play games.,,,,
sk:von,von,259,1,ADV,,,/vɔn/,"out, outwards",,afară,,"Napriek dažďu, vyšiel som von.","Although it was raining, I went out.",,,,
sk:príliš,príliš,260,1,,,,,,,prea,,Som príliš lenivý.,I am too lazy.,,,,
sk:zastaviť,zastaviť,261,1,VERB,,pf,/zastavic/,"to stop, to halt (to cause someone or something to cease moving forward); to interrupt, to suspend, to shut down (to cease an activity, operation, or the movement of a mechanism); to stop, to pull up (to cease movement at a specific location); to pawn, to pledge (to give something as security for a loan)",,a opri,,Tom ťa nezastaví.,Tom won't stop you.,,,,
sk:dúfať,dúfať,262,1,,,,,,,a spera,,"Kým dýcham, dúfam.","While I breathe, I hope.",,,,
sk:týždeň,týždeň,263,1,NOUN,masc,,/tiːʒɟeɲ/,week,,săptămână,,Aký dlhý týždeň!,What a long week!,,,,
sk:stáť,stáť,264,1,VERB,,impf,/staːc/,"to stand (to be in an upright position on one's feet); to stand, to be situated (of objects or plants, to be positioned upright in their usual place); to be stationary, to stop (to remain in one place and not move); to be idle, to not function (of machines or factories, to not be in operation)",,a sta în picioare; a costa,,Koľko to stojí?,How much is it?,,,,
sk:rozprávať,rozprávať,265,1,,,,,,,a povesti; a vorbi,,Ženy rady rozprávajú.,Women like to talk.,,,,
sk:rada,rada,266,1,,,,,,,cu plăcere (fem.); sfat,,Mačka rada spí.,The cat likes sleeping.,,,,
sk:úplne,úplne,267,1,,,,,,,complet; în totalitate,,Som úplne vyčerpaný.,I'm completely exhausted.,,,,
sk:určite,určite,268,1,ADV,,,/ˈurt͡ʃicɛ/,"certainly, surely, definitely",,cu siguranță; sigur,,Určite hovorí portugalsky?,Are you sure she's speaking Portuguese?,,,,
sk:nuž,nuž,269,1,,,,,,,ei bine; păi,,,,,,,
sk:pod,pod,270,1,ADP,,,/pɔt/,below,,sub,,Sušienky sú pod stolom.,The cookies are under the table.,,,,
sk:fajn,fajn,271,1,,,,,,,bine; fain,,To je fajn.,That's fine.,,,,
sk:pripravený,pripravený,272,1,,,,,,,pregătit; gata,,Som pripravený čakať.,I'm prepared to wait.,,,,
sk:syn,syn,273,1,NOUN,masc,,/sin/,son (male offspring),,fiu,,Máme dvoch synov.,We have two sons.,,,,
sk:cez,cez,274,1,ADP,,,/ˈt͡sɛz/,through,,prin; peste,,Muž cez palubu!,Man overboard!,,,,
sk:oko,oko,275,1,NOUN,neut,,/ɔkɔ/,eye; sprout on a potato,,ochi,,Má modré oči.,She has blue eyes.,,,,
sk:hora,hora,276,1,NOUN,fem,,/ɦɔra/,mountain,,munte; pădure,,Si stále hore?,You're still up?,,,,
sk:zmeniť,zmeniť,277,1,VERB,,pf,/zmeɲic/,"to change, to alter, to modify (to give someone or something a different appearance or character; to make different); to change, to exchange, to replace (to replace one thing with another or to exchange money); to change, to transform, to turn into (to acquire a different appearance or character; to become different)",,a schimba,,Tom zmenil budúcnosť.,Tom changed the future.,,,,
sk:doktor,doktor,278,1,NOUN,masc,,/dɔktɔr/,"doctor, physician; doctor, PhD",,doctor; medic,,"Doktor, ktorý nie je umelcom, nie je ani doktorom.",A doctor who is not an artist is no doctor either.,,,,
sk:u,u,279,1,ADP,,,/u/,,,la (cineva),,Platí sa u pokladni.,Pay at the cash register.,,,,
sk:správa,správa,280,1,NOUN,fem,,/spraːva/,message; administration,,mesaj; știre; administrare,,Odošli tú správu.,Send that message.,,,,
sk:koniec,koniec,281,1,NOUN,masc,,/kɔɲɪ̯et͡s/,end; death,,sfârșit; capăt,,Koniec korunuje dielo.,The end crowns the work.,,,,
sk:vlastný,vlastný,282,1,ADJ,,,/vlastniː/,own,,propriu,,Neverím vlastným očiam.,I can't believe my eyes.,,,,
sk:minúta,minúta,283,1,NOUN,fem,,/minuːta/,minute,,minut,,Zavolám ti za pár minút.,I will call you in a few minutes.,,,,
sk:koľko,koľko,284,1,PRON,,,/kɔʎkɔ/,how much; how many,,cât; câți,,Koľko to stojí?,How much is it?,,,,
sk:rýchlo,rýchlo,285,1,ADV,,,/riːxlɔ/,quickly,,repede,,Rýchlo sa nahnevá.,He's quick to anger.,,,,
sk:pomoc,pomoc,286,1,NOUN,fem,,/pɔmɔt͡s/,"help, aid, assistance",,ajutor,,Potrebujem niečiu pomoc.,I need someone to help me.,,,,
sk:predtým,predtým,287,1,,,,,,,înainte; mai devreme,,Deň predtým snežilo.,It had snowed the day before.,,,,
sk:pozerať,pozerať,288,1,VERB,,impf,/pɔzerac/,"to look at, to stare, to gaze, to watch; to take into consideration",,a privi; a se uita,,Tom nepozeral televízor.,Tom didn't watch TV.,,,,
sk:medzi,medzi,289,1,ADP,,,/ˈmɛd͡zi/,between; among,,între; printre,,Medzi nami je zradca.,We have a traitor among us.,,,,
sk:mesiac,mesiac,290,1,NOUN,masc,,/mesɪ̯at͡s/,"moon, a satellite of a planet; month",,lună (astru); lună (perioadă),,Mesiac je jasný.,The moon is bright.,,,,
sk:smrť,smrť,291,1,NOUN,fem,,/smr̩c/,death,,moarte,,Plakal nad smrťou svojej dcéry.,He wept over his daughter's death.,,,,
sk:brať,brať,292,1,VERB,,impf,/brac/,to take,,a lua (imperfectiv),,Neber to osobne.,Don't take it personally.,,,,
sk:zdať,zdať,293,1,,,,,,,a părea; a se părea,,Zdala sa šťastná.,She seemed happy.,,,,
sk:brat,brat,294,1,NOUN,masc,,/brat/,brother (son of the same parents as another person),,frate,,Som tvoj brat.,I'm your brother.,,,,
sk:pani,pani,295,1,NOUN,fem,,/ˈpaɲi/,lady; Mrs or Lady,,doamnă,,Kto je tá pani?,Who's that lady?,,,,
sk:slovo,slovo,296,1,NOUN,neut,,/slɔvɔ/,word; speech; promise,,cuvânt,,Nerozumiem tomu slovu.,I don't understand this word.,,,,
sk:správne,správne,297,1,,,,,,,corect; bine,,Tom konal správne.,Tom did the right thing.,,,,
sk:škola,škola,298,1,NOUN,fem,,/ʃkɔla/,school,,școală,,Pôjdete do školy.,You will go to school.,,,,
sk:myseľ,myseľ,299,1,NOUN,fem,,/miseʎ/,mind,,minte,,Máš niečo na mysli?,Do you have anything in mind?,,,,
sk:podľa,podľa,300,1,ADP,,,/ˈpɔdʎa/,according to; a la,,după; conform; potrivit,,Podľa nej nepríde.,"According to her, he won't come.",,,,
